pitcher,gameid,inning,outs,balls,strikes,paofinning,pitchofpa,batterside,taggedpitchtype,pitchcall,relspeed,spinrate,extension,relheight,relside,vertrelangle,horzrelangle,inducedvertbreak,horzbreak,platelocheight,platelocside,vertapprangle,horzapprangle,exitspeed,taggedhittype
"McGrath, Sean",20260227-BaggettStadium-1,11,0,0,2,5.0,3.0,Right,Slider,StrikeCalled,82.26,2770.76,5.038,5.932,3.372,0.0495,-1.2624,-0.9335,-14.2066,2.331,0.997,-7.8737,-3.7737,null,Undefined
"McGrath, Sean",20260227-BaggettStadium-1,11,1,0,0,6.0,1.0,Right,Fastball,InPlay,90.48,2061.26,5.492,6.109,3.018,-1.8220,-3.0441,17.5442,7.6981,2.904,0.809,-5.2474,-1.6754,82.19,FlyBall
"McGrath, Sean",20260227-BaggettStadium-1,11,0,0,0,3.0,1.0,Right,FourSeamFastBall,StrikeCalled,90.93,2079.48,5.546,6.080,3.147,-2.7388,-4.2014,18.7745,5.7972,2.194,-0.303,-5.7334,-3.1722,null,Undefined
"McGrath, Sean",20260227-BaggettStadium-1,11,0,0,1,3.0,2.0,Right,Cutter,BallCalled,84.71,2637.15,4.892,6.047,3.242,-1.8430,-4.0475,2.7424,-7.2490,1.165,-1.198,-8.5782,-5.3202,null,Undefined
"McGrath, Sean",20260227-BaggettStadium-1,11,1,0,0,7.0,1.0,Right,Fastball,BallCalled,87.34,2027.32,5.525,6.064,3.299,0.5645,-6.2480,14.4391,5.8633,4.631,-2.077,-3.8495,-5.2143,null,Undefined
"McGrath, Sean",20260227-BaggettStadium-1,11,0,1,1,3.0,3.0,Right,FourSeamFastBall,BallCalled,91.98,2149.12,5.532,6.061,3.191,-4.1937,-4.6888,19.0881,8.1016,0.902,-0.527,-6.9519,-3.2522,null,Undefined
"McGrath, Sean",20260227-BaggettStadium-1,11,1,1,0,7.0,2.0,Right,Fastball,BallCalled,87.32,2019.07,5.675,5.933,2.924,-1.5125,-7.9067,15.0745,6.7491,2.600,-3.932,-5.7861,-6.7209,null,Undefined
"McGrath, Sean",20260227-BaggettStadium-1,11,0,2,1,3.0,4.0,Right,Slider,BallCalled,80.27,2731.81,5.189,5.853,3.450,-0.1511,-4.0843,-2.8377,-14.2766,1.766,-1.589,-8.6617,-6.6026,null,Undefined
"McGrath, Sean",20260227-BaggettStadium-1,11,1,2,0,7.0,3.0,Right,Fastball,BallCalled,90.85,2161.22,5.639,6.045,2.998,-3.3428,-4.4495,18.7410,5.4782,1.591,-0.705,-6.3472,-3.4759,null,Undefined
"McGrath, Sean",20260227-BaggettStadium-1,11,0,3,1,3.0,5.0,Right,Fastball,FoulBallNotFieldable,90.90,2113.24,5.738,6.066,2.988,-2.4997,-3.9157,17.7930,6.4748,2.354,-0.124,-5.6352,-2.7612,75.16,Undefined
"McGrath, Sean",20260227-BaggettStadium-1,11,1,3,0,7.0,4.0,Right,Fastball,BallCalled,90.88,2108.86,5.676,6.093,3.072,-1.3110,-2.3460,15.7040,7.4689,3.344,1.506,-4.7531,-1.0122,null,Undefined
"McGrath, Sean",20260227-BaggettStadium-1,11,0,3,2,3.0,6.0,Right,Cutter,FoulBallNotFieldable,84.53,2584.33,4.861,6.032,3.168,0.1221,-2.8006,0.2045,-8.1179,2.797,-0.162,-7.1124,-4.2275,89.58,Undefined
"McGrath, Sean",20260227-BaggettStadium-1,11,0,3,2,3.0,7.0,Right,Fastball,BallCalled,91.17,2167.88,5.666,6.039,3.070,-2.8948,-4.5291,11.1287,9.4555,1.408,-0.374,-7.1666,-2.8459,null,Undefined
"McGrath, Sean",20260227-BaggettStadium-1,11,1,0,0,8.0,1.0,Right,Fastball,BallCalled,89.18,2065.00,5.910,5.964,3.125,-2.7888,-5.7625,16.8497,5.9585,1.797,-1.745,-6.3234,-4.7019,null,Undefined
"McGrath, Sean",20260227-BaggettStadium-1,10,2,0,0,4.0,1.0,Right,Cutter,BallCalled,82.31,2563.51,4.975,5.927,3.379,-2.4187,-3.7961,1.5045,-10.3243,-0.041,-1.072,-10.4665,-5.6147,null,Undefined
"McGrath, Sean",20260227-BaggettStadium-1,11,1,1,0,8.0,2.0,Right,Fastball,BallCalled,90.00,2072.88,5.601,6.088,3.108,-1.0084,-3.3558,18.3538,5.9566,3.714,0.468,-4.2901,-2.2956,null,Undefined
"McGrath, Sean",20260227-BaggettStadium-1,10,2,1,0,4.0,2.0,Right,Slider,InPlay,78.35,2649.82,5.066,5.839,3.431,1.8764,-1.7417,-4.7580,-19.5213,3.247,0.162,-7.6132,-5.1880,97.99,LineDrive
"McGrath, Sean",20260227-BaggettStadium-1,11,1,2,0,8.0,3.0,Right,Fastball,StrikeCalled,89.28,2035.93,5.688,6.105,2.981,-1.9748,-3.5157,15.6358,2.7983,2.573,-0.067,-5.7891,-3.0169,null,Undefined
"McGrath, Sean",20260227-BaggettStadium-1,11,1,2,1,8.0,4.0,Right,Slider,BallCalled,81.62,1923.93,6.114,5.871,3.108,-0.9901,-6.1540,6.1184,11.1471,1.869,-1.675,-7.8894,-4.1610,null,Undefined
"McGrath, Sean",20260227-BaggettStadium-1,11,0,0,0,1.0,1.0,Left,FourSeamFastBall,StrikeCalled,92.02,2084.94,5.502,6.043,3.206,-2.5304,-4.4302,19.1708,9.3693,2.423,-0.165,-5.3865,-2.7687,null,Undefined
"McGrath, Sean",20260227-BaggettStadium-1,11,0,0,1,1.0,2.0,Left,ChangeUp,BallCalled,86.74,1960.18,5.424,6.040,3.219,-3.3696,-4.7370,8.1408,15.0990,0.344,0.030,-8.9211,-2.0582,null,Undefined
"McGrath, Sean",20260227-BaggettStadium-1,11,1,3,1,8.0,5.0,Right,Fastball,StrikeCalled,89.25,2094.37,5.807,6.068,2.910,-3.0223,-3.7440,12.0208,2.0552,1.315,-0.405,-7.3166,-3.3768,null,Undefined
"McGrath, Sean",20260227-BaggettStadium-1,11,0,0,0,4.0,1.0,Right,Fastball,FoulBallNotFieldable,91.64,2077.42,5.793,6.081,3.124,-1.5824,-4.1359,14.9565,7.8952,3.084,-0.072,-4.9980,-2.7272,85.82,Undefined
"McGrath, Sean",20260223-BaggettStadium-1,7,2,0,0,4,1,Left,Fastball,BallCalled,89.74,2152.64,5.591,5.984,3.190,0.3520,-4.2746,15.3674,16.3228,4.644,0.552,-3.4231,-1.3730,null,Undefined
"McGrath, Sean",20260223-BaggettStadium-1,7,2,1,0,4,2,Left,ChangeUp,BallCalled,82.65,1892.96,6.041,5.883,3.236,0.2440,-5.4479,10.6552,17.7591,3.594,-0.344,-5.3861,-2.2717,null,Undefined
"McGrath, Sean",20260223-BaggettStadium-1,7,2,2,0,4,3,Left,ChangeUp,StrikeCalled,83.79,1888.82,5.889,5.826,3.223,-1.7500,-5.7239,13.6901,18.6484,1.980,-0.555,-6.7103,-2.3988,null,Undefined
"McGrath, Sean",20260223-BaggettStadium-1,7,2,2,1,4,4,Left,ChangeUp,BallCalled,83.72,1923.61,6.099,5.841,3.085,-2.0788,-5.7521,10.4943,15.0912,1.453,-0.996,-7.5601,-3.0506,null,Undefined
"McGrath, Sean",20260223-BaggettStadium-1,7,2,3,1,4,5,Left,Fastball,InPlay,90.27,2104.08,5.578,5.893,3.105,-2.3278,-5.0761,17.6835,13.6832,2.264,-0.508,-5.6011,-2.6487,89.59,GroundBall
"McGrath, Sean",20260223-BaggettStadium-1,7,0,0,0,1,1,Left,Fastball,StrikeSwinging,89.49,1936.52,5.605,5.912,3.386,-1.6107,-4.6593,19.8716,13.1988,3.077,0.127,-4.6575,-2.3149,null,Undefined
"McGrath, Sean",20260223-BaggettStadium-1,7,0,0,1,1,2,Left,Fastball,FoulBallNotFieldable,91.61,1952.24,5.738,5.952,3.095,-2.9375,-5.1552,19.3150,12.4067,1.978,-0.685,-5.7543,-2.9487,84.17,Undefined
"McGrath, Sean",20260223-BaggettStadium-1,7,0,0,2,1,3,Left,ChangeUp,InPlay,85.03,1718.71,5.804,5.886,3.250,-2.8765,-4.7024,13.5514,17.6743,1.013,0.339,-7.7963,-1.5461,32.23,GroundBall
"McGrath, Sean",20260223-BaggettStadium-1,7,1,0,0,2,1,Right,Cutter,BallCalled,83.37,2244.94,4.991,5.956,3.419,-1.0072,-3.9886,-0.3321,-5.9980,1.487,-0.854,-8.5979,-5.0441,null,Undefined
"McGrath, Sean",20260223-BaggettStadium-1,7,1,1,0,2,2,Right,Fastball,StrikeCalled,91.63,2080.91,5.707,5.988,3.142,-2.6590,-5.0673,15.3828,13.5258,1.928,-0.464,-6.2219,-2.6614,null,Undefined
"McGrath, Sean",20260214-JimPerry-2,6,0,0,2,2.0,3.0,Left,Slider,BallCalled,83.52,2553.84,5.178,5.939,3.172,-1.3645,-4.2049,0.4384,-6.8730,1.234,-1.364,-8.7607,-5.4177,null,Undefined
"McGrath, Sean",20260214-JimPerry-2,6,1,1,2,5.0,4.0,Right,Slider,BallCalled,81.44,2670.31,5.152,5.847,3.442,-3.2844,-4.7746,-3.7525,-17.6794,-1.317,-2.537,-11.9725,-7.8920,null,Undefined
"McGrath, Sean",20260214-JimPerry-2,6,0,1,2,2.0,4.0,Left,Fastball,BallCalled,91.65,1856.47,6.021,5.990,3.049,-0.0384,-4.0210,14.6617,9.3271,4.377,0.096,-3.6430,-2.3495,null,Undefined
"McGrath, Sean",20260214-JimPerry-2,6,1,2,2,5.0,5.0,Right,Fastball,StrikeCalled,91.83,2015.07,5.534,6.130,3.042,-3.5441,-4.6180,15.9547,16.9367,1.276,0.127,-6.9933,-1.6102,null,Undefined
"McGrath, Sean",20260214-JimPerry-2,6,0,2,2,2.0,5.0,Left,Fastball,InPlay,91.64,1870.96,5.709,5.933,3.091,-2.0215,-4.7926,15.3692,8.9045,2.477,-0.643,-5.5717,-3.2086,55.85,Popup
"McGrath, Sean",20260214-JimPerry-2,6,1,0,0,3.0,1.0,Right,Slider,BallCalled,83.36,2468.75,4.864,5.992,3.203,-1.1342,-2.5976,-0.5985,-9.1982,1.361,-0.024,-8.8083,-4.2171,null,Undefined
"McGrath, Sean",20260214-JimPerry-2,6,2,0,0,6.0,1.0,Left,Fastball,StrikeCalled,92.20,1968.24,5.694,5.937,3.150,-3.3757,-4.2281,16.9793,11.9401,1.409,0.197,-6.4791,-2.1009,null,Undefined
"McGrath, Sean",20260214-JimPerry-2,6,1,1,0,3.0,2.0,Right,Slider,BallCalled,83.11,2651.59,4.942,6.002,3.185,-2.1893,-4.0597,1.8407,-8.4325,0.551,-1.361,-9.4560,-5.5422,null,Undefined
"McGrath, Sean",20260214-JimPerry-2,6,1,2,0,3.0,3.0,Right,Fastball,BallCalled,90.67,2106.38,5.907,5.998,2.943,-3.3199,-5.0364,18.5567,13.2801,1.558,-0.638,-6.4050,-2.6657,null,Undefined
"McGrath, Sean",20260214-JimPerry-2,6,2,0,1,6.0,2.0,Left,Fastball,StrikeCalled,92.10,1958.99,5.771,6.002,3.095,-2.3439,-4.7833,18.8669,11.8812,2.595,-0.377,-5.1409,-2.6671,null,Undefined
"McGrath, Sean",20260214-JimPerry-2,6,1,3,0,3.0,4.0,Right,Fastball,FoulBallNotFieldable,90.60,2098.03,5.810,5.980,3.008,-1.8524,-3.7490,16.8274,11.8914,2.765,0.507,-5.2529,-1.6241,105.39,Undefined
"McGrath, Sean",20260214-JimPerry-2,6,2,0,2,6.0,3.0,Left,Fastball,BallCalled,92.16,1951.04,5.546,6.040,2.968,-0.5736,-3.6375,17.7236,10.2447,4.176,0.417,-3.6048,-1.8163,null,Undefined
"McGrath, Sean",20260214-JimPerry-2,6,2,1,2,6.0,4.0,Left,Slider,BallCalled,82.57,2574.28,5.116,5.926,3.224,0.0433,-1.6641,-2.2819,-8.6789,2.253,0.932,-8.0238,-3.2005,null,Undefined
"McGrath, Sean",20260214-JimPerry-2,6,1,3,1,3.0,5.0,Right,Fastball,BallCalled,91.63,1964.38,5.739,6.042,2.963,-3.7791,-4.5049,18.0317,8.2887,1.159,-0.550,-6.8582,-3.0285,null,Undefined
"McGrath, Sean",20260214-JimPerry-2,6,2,2,2,6.0,5.0,Left,Fastball,InPlay,91.39,2008.43,5.771,6.037,2.956,-1.6255,-4.6592,17.3595,9.9826,3.133,-0.558,-4.7877,-2.8810,92.38,FlyBall
"McGrath, Sean",20260214-JimPerry-2,6,1,0,0,4.0,1.0,Right,Fastball,BallCalled,91.39,2151.23,5.784,5.942,3.102,-4.1296,-5.2830,17.8222,10.4697,0.704,-0.955,-7.2553,-3.4199,null,Undefined
"McGrath, Sean",20260214-JimPerry-2,6,1,1,0,4.0,2.0,Right,Slider,BallCalled,83.63,2500.54,5.107,5.970,3.267,-2.2406,-3.3603,3.1130,-7.8671,0.663,-0.558,-9.1444,-4.7498,null,Undefined
"McGrath, Sean",20260214-JimPerry-2,6,1,2,0,4.0,3.0,Right,Fastball,BallCalled,91.03,2097.52,5.754,5.992,3.050,-3.6611,-5.1300,17.8519,12.7877,1.181,-0.672,-6.8121,-2.8541,null,Undefined
"McGrath, Sean",20260214-JimPerry-2,6,0,0,0,1.0,1.0,Right,Slider,InPlay,82.67,2532.71,5.005,6.007,3.386,-1.0575,-3.0610,0.1197,-12.5089,1.445,-0.549,-8.7754,-5.2661,82.39,LineDrive
"McGrath, Sean",20260214-JimPerry-2,6,1,3,0,4.0,4.0,Right,Fastball,BallCalled,90.94,2067.26,5.806,6.007,3.002,-2.1003,-5.3320,18.4006,9.6191,2.713,-1.169,-5.1486,-3.6206,null,Undefined
"McGrath, Sean",20260214-JimPerry-2,6,1,0,0,5.0,1.0,Right,Slider,StrikeCalled,79.09,2583.15,4.921,5.806,3.469,-0.3075,-2.0468,-2.2564,-14.7071,1.427,0.307,-9.1446,-4.6404,null,Undefined
"McGrath, Sean",20260214-JimPerry-2,6,0,0,0,2.0,1.0,Left,Slider,FoulBallNotFieldable,82.14,2483.88,5.122,5.909,3.337,0.3013,-2.5641,1.2647,-10.4119,2.730,0.053,-7.2386,-4.4035,43.87,Undefined
"McGrath, Sean",20260214-JimPerry-2,6,1,0,1,5.0,2.0,Right,Slider,BallCalled,80.98,2660.97,5.022,5.833,3.387,-1.5809,-3.4250,-9.6489,-14.5117,-0.193,-1.058,-11.2895,-5.9881,null,Undefined
"McGrath, Sean",20260214-JimPerry-2,6,0,0,1,2.0,2.0,Left,Fastball,FoulBallNotFieldable,92.42,2040.69,5.852,5.971,3.110,-2.0350,-3.8195,16.1122,9.2171,2.612,0.324,-5.3970,-2.1716,null,Undefined
"McGrath, Sean",20260214-JimPerry-2,6,1,1,1,5.0,3.0,Right,Slider,StrikeCalled,81.30,2588.71,5.110,6.019,3.227,-0.7001,-1.9600,-0.1493,-8.2093,1.665,0.696,-8.7440,-3.4134,null,Undefined
"McGrath, Sean",20260223-BaggettStadium-1,7,1,1,1,2,3,Right,Slider,BallCalled,78.46,2776.64,5.438,5.770,3.463,-0.2876,-3.4158,0.4967,-21.7134,1.615,-1.549,-8.7714,-7.2662,null,Undefined
"McGrath, Sean",20260223-BaggettStadium-1,7,1,2,1,2,4,Right,Slider,FoulBallNotFieldable,78.41,2643.83,5.131,5.713,3.479,0.9122,-2.6080,0.9357,-18.9836,2.691,-0.561,-7.5597,-5.9587,64.84,Undefined
"McGrath, Sean",20260223-BaggettStadium-1,7,1,2,2,2,5,Right,Cutter,FoulBallNotFieldable,81.98,2659.52,5.048,5.981,3.372,0.0052,-2.8988,0.5951,-7.1639,2.471,0.039,-7.6093,-4.1625,65.24,Undefined
"McGrath, Sean",20260223-BaggettStadium-1,7,1,2,2,2,6,Right,Fastball,FoulBallNotFieldable,90.12,2030.65,5.704,6.015,3.015,-1.4863,-4.8700,16.1684,9.3480,3.052,-0.754,-5.0494,-3.2077,null,Undefined
"McGrath, Sean",20260223-BaggettStadium-1,7,1,2,2,2,7,Right,Fastball,StrikeCalled,90.44,2150.11,5.765,5.945,3.127,-2.1226,-5.5415,17.2604,16.7678,2.480,-0.650,-5.5041,-2.5594,null,Undefined
"McGrath, Sean",20260223-BaggettStadium-1,7,2,0,0,3,1,Left,Fastball,InPlay,92.44,2159.16,5.656,6.051,3.181,-2.2506,-4.7856,19.7651,13.1841,2.794,-0.194,-4.9128,-2.4423,96.76,LineDrive
"McGrath, Sean",20260227-BaggettStadium-1,11,0,1,1,1.0,3.0,Left,ChangeUp,BallCalled,84.53,1912.77,5.889,5.921,3.165,-0.2513,-4.1385,7.2252,10.6821,3.012,0.206,-6.2029,-2.2275,null,Undefined
"McGrath, Sean",20260227-BaggettStadium-1,11,1,3,2,8.0,6.0,Right,Fastball,InPlay,89.30,2082.07,5.840,6.079,3.089,-2.2341,-3.8311,19.1697,1.7117,2.611,-0.334,-5.4202,-3.5254,101.38,GroundBall
"McGrath, Sean",20260227-BaggettStadium-1,11,0,0,1,4.0,2.0,Right,Fastball,InPlay,93.02,2123.41,5.484,6.092,3.092,-1.6595,-3.1001,14.4492,6.7619,3.034,0.752,-5.0096,-1.8981,85.94,GroundBall
"McGrath, Sean",20260227-BaggettStadium-1,11,0,2,1,1.0,4.0,Left,FourSeamFastBall,InPlay,91.29,2095.81,5.334,6.101,3.143,-2.0419,-3.9151,16.9015,7.2312,2.727,0.066,-5.3049,-2.6354,107.71,LineDrive
"McGrath, Sean",20260227-BaggettStadium-1,11,0,0,0,2.0,1.0,Right,ChangeUp,BallCalled,81.99,1797.81,5.899,5.851,3.244,-1.2513,-4.6188,-0.2352,11.2304,1.197,-0.117,-8.9131,-2.6077,null,Undefined
"McGrath, Sean",20260227-BaggettStadium-1,11,1,0,0,9.0,1.0,Right,Slider,BallCalled,82.82,2523.63,5.212,6.087,3.235,-1.6216,-3.9724,0.0564,-7.3755,1.094,-1.122,-9.0918,-5.2758,null,Undefined
"McGrath, Sean",20260227-BaggettStadium-1,11,0,0,0,5.0,1.0,Right,Slider,StrikeCalled,83.49,2579.30,5.154,6.108,3.120,0.0635,-3.4536,-0.3991,-8.6943,2.763,-0.860,-7.2818,-4.9882,null,Undefined
"McGrath, Sean",20260227-BaggettStadium-1,11,0,1,0,2.0,2.0,Right,Fastball,StrikeCalled,91.07,2041.37,5.657,6.021,3.138,-3.0188,-4.8219,17.2506,13.8740,1.736,-0.213,-6.3404,-2.3549,null,Undefined
"McGrath, Sean",20260227-BaggettStadium-1,11,0,0,1,5.0,2.0,Right,Fastball,FoulBallNotFieldable,91.59,2149.83,5.651,6.133,3.031,-2.5669,-4.1026,16.1310,9.7828,2.289,0.013,-5.8024,-2.3611,80.92,Undefined
"McGrath, Sean",20260227-BaggettStadium-1,11,0,1,1,2.0,3.0,Right,Cutter,InPlay,83.28,2522.74,5.147,6.025,3.284,-0.2651,-2.5855,2.6724,-6.1271,2.522,0.337,-7.3667,-3.6689,94.12,FlyBall
"McGrath, Sean",20260301-BaggettStadium-1,9,0,1,1,2.0,3.0,Right,Fastball,InPlay,88.40,2022.02,5.779,6.062,3.138,-1.1600,-4.6595,15.5182,10.8222,3.181,-0.305,-5.2682,-2.7308,31.94,Bunt
"McGrath, Sean",20260301-BaggettStadium-1,10,1,1,0,2.0,2.0,Left,Fastball,StrikeCalled,89.51,1974.11,5.748,5.959,3.140,-2.4033,-5.1047,17.4693,10.2821,2.229,-0.768,-5.7552,-3.2757,null,Undefined
"McGrath, Sean",20260301-BaggettStadium-1,8,2,0,1,6.0,2.0,Right,Slider,InPlay,83.52,2526.98,4.748,6.028,3.185,-0.6843,-3.1624,1.0466,-6.9242,1.978,-0.395,-8.0103,-4.3771,90.84,GroundBall
"McGrath, Sean",20260301-BaggettStadium-1,10,1,1,1,2.0,3.0,Left,ChangeUp,InPlay,82.91,1648.54,5.814,5.866,3.207,-0.7204,-4.2980,10.8980,14.7056,2.694,0.428,-6.2913,-1.6713,89.29,Popup
"McGrath, Sean",20260301-BaggettStadium-1,9,1,0,0,3.0,1.0,Right,Fastball,FoulBallNotFieldable,89.40,1999.10,5.714,6.037,3.134,-1.6128,-4.4397,16.9734,9.6473,2.979,-0.207,-5.1314,-2.7219,89.94,Undefined
"McGrath, Sean",20260301-BaggettStadium-1,10,2,0,0,3.0,1.0,Right,Fastball,InPlay,82.79,2489.23,4.978,6.060,3.241,0.6926,-3.1117,1.5240,-8.6771,3.353,-0.424,-6.5878,-4.6385,94.16,FlyBall
"McGrath, Sean",20260301-BaggettStadium-1,11,0,0,0,1.0,1.0,Right,Fastball,StrikeCalled,83.59,2505.46,4.980,6.044,3.185,-1.6383,-3.4239,5.1584,-6.8513,1.439,-0.624,-8.2691,-4.6303,null,Undefined
"McGrath, Sean",20260301-BaggettStadium-1,11,0,0,1,1.0,2.0,Right,Slider,BallCalled,81.31,2725.87,5.205,5.905,3.323,-2.0498,-4.0995,9.3203,-16.1060,1.077,-1.882,-8.3585,-6.9385,null,Undefined
"McGrath, Sean",20260301-BaggettStadium-1,9,1,0,1,3.0,2.0,Right,Fastball,InPlay,89.88,2076.45,5.455,6.152,3.188,-2.0068,-4.3829,18.7987,10.9913,2.813,-0.007,-5.3501,-2.4348,105.38,GroundBall
"McGrath, Sean",20260301-BaggettStadium-1,11,0,1,1,1.0,3.0,Right,Fastball,InPlay,82.03,2530.29,5.080,5.993,3.139,-0.8475,-3.3483,4.8290,-7.0127,2.030,-0.605,-7.7146,-4.5851,91.87,GroundBall
"McGrath, Sean",20260301-BaggettStadium-1,11,0,0,0,2.0,1.0,Right,Fastball,StrikeCalled,87.74,2072.58,5.838,5.935,3.389,-1.3265,-4.8267,18.6617,9.6507,3.169,-0.304,-4.8286,-3.1063,null,Undefined
"McGrath, Sean",20260301-BaggettStadium-1,9,1,0,0,4.0,1.0,Right,Slider,InPlay,82.08,2542.34,4.850,5.966,3.201,-0.3150,-2.6948,6.8790,-2.7489,2.614,0.419,-6.9752,-3.1780,20.03,Bunt
"McGrath, Sean",20260301-BaggettStadium-1,11,0,0,1,2.0,2.0,Right,Fastball,StrikeCalled,88.86,1973.76,5.744,5.970,3.173,-2.6988,-5.4347,17.0419,14.1489,1.853,-0.723,-6.3026,-2.9188,null,Undefined
"McGrath, Sean",20260301-BaggettStadium-1,9,2,0,0,5.0,1.0,Right,Slider,BallCalled,77.14,2659.79,4.892,5.872,3.470,2.1002,-0.8554,0.5644,-21.1004,3.729,0.903,-6.9442,-4.5699,null,Undefined
"McGrath, Sean",20260301-BaggettStadium-1,11,0,0,2,2.0,3.0,Right,Slider,InPlay,81.40,2732.15,5.307,5.867,3.312,-1.2979,-3.1183,0.9665,-13.8735,1.085,-0.774,-9.0476,-5.5773,78.48,LineDrive
"McGrath, Sean",20260301-BaggettStadium-1,9,2,1,0,5.0,2.0,Right,Fastball,BallCalled,82.02,2550.56,4.863,6.004,3.203,-1.3986,-4.7916,5.9419,-3.2119,1.487,-1.611,-8.3306,-5.3541,null,Undefined
"McGrath, Sean",20260301-BaggettStadium-1,9,2,2,0,5.0,3.0,Right,Fastball,StrikeCalled,89.30,2067.46,5.760,5.994,2.991,-2.5414,-5.3653,14.4453,16.8816,1.790,-0.610,-6.6901,-2.3601,null,Undefined
"McGrath, Sean",20260301-BaggettStadium-1,9,2,2,1,5.0,4.0,Right,Fastball,InPlay,81.71,2426.12,4.945,5.981,3.261,-1.7138,-3.1615,6.1170,-1.9061,1.233,0.111,-8.4976,-3.4973,101.42,GroundBall
"McGrath, Sean",20260301-BaggettStadium-1,10,0,0,0,1.0,1.0,Right,Fastball,StrikeCalled,82.99,2468.91,4.986,5.973,3.348,-0.4056,-3.6774,3.8920,-6.9785,2.420,-0.711,-7.2753,-4.9048,null,Undefined
"McGrath, Sean",20260301-BaggettStadium-1,10,0,0,1,1.0,2.0,Right,Slider,BallCalled,81.28,2704.13,5.194,5.869,3.347,-1.5360,-3.2993,5.3738,-15.8644,1.244,-1.082,-8.4265,-6.1018,null,Undefined
"McGrath, Sean",20260301-BaggettStadium-1,9,2,0,0,6.0,1.0,Right,Fastball,FoulBallNotFieldable,89.60,2042.21,5.521,6.128,3.164,-2.5790,-4.5393,19.2174,9.9386,2.306,-0.260,-5.7837,-2.7764,68.04,Undefined
"McGrath, Sean",20260301-BaggettStadium-1,9,0,0,0,1.0,1.0,Right,Slider,InPlay,81.71,2572.54,4.756,6.031,3.305,-0.4411,-3.1509,5.3771,-2.7724,2.362,0.083,-7.5128,-3.6373,102.51,LineDrive
"McGrath, Sean",20260301-BaggettStadium-1,10,0,1,1,1.0,3.0,Right,Fastball,BallCalled,82.09,2591.44,5.154,5.961,3.190,-1.7123,-4.0820,2.8254,-5.2479,1.015,-1.097,-8.9190,-5.0082,null,Undefined
"McGrath, Sean",20260301-BaggettStadium-1,9,2,0,1,6.0,2.0,Right,Fastball,BallCalled,90.82,2123.63,5.686,6.073,2.912,-3.0638,-5.5810,15.5860,11.9649,1.605,-1.310,-6.6616,-3.4569,null,Undefined
"McGrath, Sean",20260301-BaggettStadium-1,11,0,0,0,3.0,1.0,Right,Fastball,StrikeCalled,87.92,2064.13,5.668,5.889,3.075,-2.9608,-5.2496,23.8854,12.5889,1.977,-0.785,-5.6392,-3.0148,null,Undefined
"McGrath, Sean",20260301-BaggettStadium-1,10,0,2,1,1.0,4.0,Right,Fastball,BallCalled,81.25,2411.94,4.896,5.982,3.091,0.2425,-3.8460,0.3888,-7.7489,2.593,-1.199,-7.5633,-5.2060,null,Undefined
"McGrath, Sean",20260301-BaggettStadium-1,9,2,1,1,6.0,3.0,Right,Slider,StrikeCalled,80.12,2696.63,5.081,5.893,3.416,0.2781,-2.7227,4.8895,-17.3040,2.759,-0.594,-7.1529,-5.7736,null,Undefined
"McGrath, Sean",20260301-BaggettStadium-1,10,0,3,1,1.0,5.0,Right,Fastball,StrikeCalled,88.59,1885.34,5.847,5.956,3.129,-2.5905,-4.6971,18.9202,6.3062,2.122,-0.721,-5.8129,-3.5726,null,Undefined
"McGrath, Sean",20260301-BaggettStadium-1,11,0,0,1,3.0,2.0,Right,ChangeUp,InPlay,78.85,1728.91,5.995,5.940,3.096,-0.6560,-4.7115,15.3031,14.3299,2.822,-0.086,-6.3117,-2.1463,91.87,FlyBall
"McGrath, Sean",20260301-BaggettStadium-1,9,0,0,0,2.0,1.0,Right,Fastball,BallCalled,87.31,1989.29,5.626,5.985,3.274,0.2655,-4.5986,15.7655,13.9793,4.415,0.138,-3.8495,-2.1144,null,Undefined
"McGrath, Sean",20260301-BaggettStadium-1,9,2,1,2,6.0,4.0,Right,Fastball,StrikeCalled,92.05,2058.77,5.614,6.120,2.943,-3.2759,-5.3735,19.8832,13.8288,1.859,-0.935,-6.0178,-2.9209,null,Undefined
"McGrath, Sean",20260301-BaggettStadium-1,10,0,3,2,1.0,6.0,Right,Fastball,StrikeCalled,89.13,1987.80,5.728,6.041,3.040,-3.4569,-4.4580,19.1101,5.8790,1.423,-0.631,-6.5973,-3.4113,null,Undefined
"McGrath, Sean",20260301-BaggettStadium-1,9,0,1,0,2.0,2.0,Right,FourSeamFastBall,FoulBallNotFieldable,87.05,1947.37,5.698,6.008,3.187,-1.3704,-4.3985,16.1065,10.8639,2.927,-0.015,-5.4426,-2.4640,29.68,Undefined
"McGrath, Sean",20260301-BaggettStadium-1,10,1,0,0,2.0,1.0,Left,ChangeUp,BallCalled,81.37,1611.64,5.920,5.909,3.252,-0.7248,-3.5768,8.8095,17.3345,2.427,1.373,-6.9903,-0.4681,null,Undefined
"McGrath, Sean",20260301-BaggettStadium-1,8,2,0,0,6.0,1.0,Right,Slider,StrikeCalled,81.74,2476.86,5.001,5.961,3.481,0.0188,-3.6822,1.2060,-7.7656,2.420,-0.648,-7.7209,-5.0485,null,Undefined
"McGrath, Sean",20260310-BaggettStadium-1,3,2,1,2,3,4,Left,Slider,BallCalled,79.61,2780.66,5.055,5.821,3.467,-1.8448,-3.9232,-3.7032,-19.2034,-0.130,-1.839,-10.8930,-7.3079,null,Undefined
"McGrath, Sean",20260310-BaggettStadium-1,2,1,0,0,5,1,Right,Cutter,FoulBallNotFieldable,81.59,2540.13,4.895,6.017,3.325,-0.3407,-3.0883,2.0317,-8.4706,2.191,-0.305,-7.9443,-4.5778,75.04,Undefined
"McGrath, Sean",20260310-BaggettStadium-1,2,0,1,1,1,3,Right,Cutter,FoulBallNotFieldable,81.87,2542.56,4.868,6.017,3.288,-1.4531,-2.6669,3.3468,-7.7307,1.293,0.118,-8.6875,-4.0277,null,Undefined
"McGrath, Sean",20260310-BaggettStadium-1,3,2,2,2,3,5,Left,ChangeUp,BallCalled,81.97,1762.13,5.897,5.781,3.132,-2.9284,-4.1940,7.1879,15.1948,0.107,0.498,-9.4633,-1.4697,null,Undefined
"McGrath, Sean",20260310-BaggettStadium-1,2,0,1,2,1,4,Right,Slider,BallCalled,78.58,2753.58,4.924,5.861,3.326,-0.5111,-3.2029,-2.4799,-15.7200,1.147,-1.015,-9.6721,-5.9697,null,Undefined
"McGrath, Sean",20260310-BaggettStadium-1,2,1,0,1,5,2,Right,Slider,BallCalled,76.70,2651.24,4.845,5.866,3.357,1.8118,-2.7073,0.6652,-11.3280,3.400,-0.152,-7.3245,-4.6965,null,Undefined
"McGrath, Sean",20260310-BaggettStadium-1,1,0,0,0,2,1,Right,Cutter,BallCalled,81.93,2578.79,5.030,6.004,3.334,-1.8439,-4.1991,2.1150,-8.9016,0.816,-1.377,-9.2728,-5.7658,null,Undefined
"McGrath, Sean",20260310-BaggettStadium-1,3,2,3,2,3,6,Left,Cutter,FoulBallNotFieldable,81.61,2584.13,5.047,5.871,3.204,-0.8042,-2.9890,-1.3584,-7.5839,1.364,-0.250,-8.9150,-4.3280,16.07,Undefined
"McGrath, Sean",20260310-BaggettStadium-1,2,0,2,2,1,5,Right,Fastball,InPlay,89.26,2115.52,5.745,5.975,3.087,-2.3344,-4.2816,20.9776,6.4438,2.529,-0.370,-5.2725,-3.1338,101.42,GroundBall
"McGrath, Sean",20260310-BaggettStadium-1,1,0,1,0,2,2,Right,Fastball,BallCalled,90.01,2107.56,5.822,5.957,3.196,-3.2570,-5.1293,19.1625,7.6123,1.584,-0.952,-6.2963,-3.7739,null,Undefined
"McGrath, Sean",20260310-BaggettStadium-1,2,1,1,1,5,3,Right,Fastball,StrikeCalled,90.50,2125.67,5.706,6.047,3.027,-1.6004,-4.6248,18.1667,6.3784,3.148,-0.760,-4.8107,-3.4904,null,Undefined
"McGrath, Sean",20260310-BaggettStadium-1,3,2,3,2,3,7,Left,Fastball,BallCalled,89.41,2132.51,5.818,5.962,3.053,-2.8900,-5.6067,13.2319,13.6007,1.384,-1.043,-7.1054,-3.1851,null,Undefined
"McGrath, Sean",20260310-BaggettStadium-1,2,1,1,2,5,4,Right,Slider,BallCalled,79.33,2779.15,5.057,5.911,3.182,-1.4202,-2.7606,-3.8451,-19.5108,0.344,-1.049,-10.5417,-6.2082,null,Undefined
"McGrath, Sean",20260310-BaggettStadium-1,2,0,0,0,2,1,Right,Fastball,StrikeCalled,90.77,2193.77,5.700,6.051,3.069,-2.2819,-5.3210,12.4056,18.5561,2.017,-0.357,-6.5669,-2.0201,null,Undefined
"McGrath, Sean",20260310-BaggettStadium-1,1,0,2,0,2,3,Right,Fastball,BallCalled,91.48,2072.71,5.803,5.932,3.044,-3.8640,-5.1231,13.4742,18.2138,0.602,-0.216,-7.7202,-1.8745,null,Undefined
"McGrath, Sean",20260310-BaggettStadium-1,2,1,2,2,5,5,Right,Cutter,InPlay,80.85,2567.52,5.002,5.955,3.135,0.1975,-2.6046,-3.5753,-11.4202,2.063,-0.277,-8.6755,-4.6194,71.14,GroundBall
"McGrath, Sean",20260310-BaggettStadium-1,3,2,0,0,4,1,Right,ChangeUp,BallCalled,81.74,1757.45,5.956,5.847,3.084,-3.5426,-5.6751,4.6674,19.6474,-0.704,-0.559,-10.7490,-2.1563,null,Undefined
"McGrath, Sean",20260310-BaggettStadium-1,2,0,0,1,2,2,Right,Fastball,StrikeCalled,91.38,2222.93,5.712,5.999,3.127,-2.6083,-4.4989,11.0663,17.2253,1.622,0.362,-6.9539,-1.4273,null,Undefined
"McGrath, Sean",20260310-BaggettStadium-1,1,0,3,0,2,4,Right,Fastball,StrikeCalled,90.70,2103.24,5.703,6.021,3.021,-1.5578,-4.5182,17.2123,8.8643,3.098,-0.459,-4.9067,-2.9407,null,Undefined
"McGrath, Sean",20260310-BaggettStadium-1,2,0,0,2,2,3,Right,Fastball,FoulBallNotFieldable,92.84,2140.32,5.736,6.025,3.112,-3.1280,-4.4805,17.6306,15.9888,1.775,0.263,-6.1843,-1.6305,58.57,Undefined
"McGrath, Sean",20260310-BaggettStadium-1,3,2,1,0,4,2,Right,Fastball,StrikeCalled,88.64,1950.47,5.632,5.992,3.106,-1.9191,-4.7081,13.8588,13.1371,2.283,-0.202,-6.2322,-2.3722,null,Undefined
"McGrath, Sean",20260310-BaggettStadium-1,2,2,0,0,6,1,Right,Fastball,BallCalled,90.67,2192.74,5.765,6.020,3.015,-3.6745,-5.4549,17.8247,6.6648,1.134,-1.522,-6.9724,-4.2705,null,Undefined
"McGrath, Sean",20260310-BaggettStadium-1,1,0,3,1,2,5,Right,Fastball,StrikeCalled,89.91,2040.55,5.700,5.948,3.121,-1.8372,-5.0441,18.0940,8.8567,2.781,-0.854,-5.1460,-3.4703,null,Undefined
"McGrath, Sean",20260310-BaggettStadium-1,3,2,1,1,4,3,Right,Fastball,StrikeCalled,89.43,2039.05,5.803,6.028,3.008,-3.2463,-4.3016,17.9734,7.1959,1.530,-0.401,-6.5796,-3.0178,null,Undefined
"McGrath, Sean",20260310-BaggettStadium-1,2,0,0,2,2,4,Right,Slider,InPlay,78.62,2589.24,5.141,5.813,3.326,1.7105,-2.5800,-0.2270,-19.5067,3.425,-0.731,-7.0596,-6.0222,85.69,FlyBall
"McGrath, Sean",20260310-BaggettStadium-1,2,2,1,0,6,2,Right,Fastball,StrikeCalled,89.60,2083.50,5.804,5.984,3.059,-2.3047,-4.5600,18.0759,8.3400,2.370,-0.496,-5.6510,-3.0731,null,Undefined
"McGrath, Sean",20260310-BaggettStadium-1,1,1,3,2,2,6,Right,Fastball,StrikeCalled,90.91,2080.17,5.570,6.020,3.170,-3.0614,-3.4674,15.2378,11.2482,1.555,0.865,-6.6421,-1.4647,null,Undefined
"McGrath, Sean",20260310-BaggettStadium-1,2,2,1,1,6,3,Right,Cutter,BallCalled,81.67,2566.01,5.018,5.967,3.153,-1.2102,-2.9336,1.6964,-10.2072,1.342,-0.469,-8.7392,-4.7342,null,Undefined
"McGrath, Sean",20260310-BaggettStadium-1,3,2,1,2,4,4,Right,Slider,InPlay,79.17,2677.18,5.103,5.884,3.345,-0.5152,-2.9627,0.1617,-12.1181,1.520,-0.459,-8.9452,-5.1033,97.93,GroundBall
"McGrath, Sean",20260310-BaggettStadium-1,2,2,2,1,6,4,Right,Cutter,InPlay,81.26,2621.93,4.912,5.956,3.154,-0.3566,-2.2719,0.5140,-10.0813,1.974,0.164,-8.2548,-4.0482,94.88,GroundBall
"McGrath, Sean",20260310-BaggettStadium-1,2,1,0,0,3,1,Right,Fastball,StrikeCalled,90.76,2124.29,5.709,6.041,3.154,-1.6265,-3.4896,19.6679,7.8053,3.234,0.549,-4.6266,-2.0976,null,Undefined
"McGrath, Sean",20260310-BaggettStadium-1,1,2,0,0,3,1,Left,Fastball,StrikeCalled,92.02,2163.48,5.766,6.046,3.360,-2.3232,-4.5957,19.1637,10.7401,2.665,-0.031,-5.1157,-2.6823,null,Undefined
"McGrath, Sean",20260310-BaggettStadium-1,2,1,0,1,3,2,Right,Fastball,FoulBallNotFieldable,88.83,2101.65,5.828,5.953,3.161,-0.9705,-3.9360,18.4846,7.5138,3.553,0.122,-4.4227,-2.5943,null,Undefined
"McGrath, Sean",20260310-BaggettStadium-1,3,2,0,0,5,1,Right,Fastball,StrikeCalled,89.34,2087.18,5.834,5.968,2.898,-2.8633,-4.6258,13.0493,13.8225,1.387,-0.259,-7.1702,-2.1572,null,Undefined
"McGrath, Sean",20260310-BaggettStadium-1,1,2,0,1,3,2,Left,Cutter,BallCalled,85.67,2608.01,5.064,5.996,3.230,-1.9786,-4.3418,6.0751,-6.7854,1.304,-1.437,-8.1156,-5.5355,null,Undefined
"McGrath, Sean",20260310-BaggettStadium-1,3,2,0,1,5,2,Right,Cutter,FoulBallNotFieldable,82.54,2516.14,5.271,5.955,3.112,-0.6847,-3.4167,3.3996,-8.3566,2.045,-0.798,-7.8260,-4.8953,null,Undefined
"McGrath, Sean",20260310-BaggettStadium-1,1,2,1,1,3,3,Left,Cutter,BallCalled,85.99,2621.90,5.120,5.988,3.242,-2.5944,-4.4911,0.8262,-8.7624,0.309,-1.727,-9.5552,-6.0351,null,Undefined
"McGrath, Sean",20260310-BaggettStadium-1,2,1,0,2,3,3,Right,Fastball,BallCalled,89.51,2074.87,5.631,5.941,3.189,-2.2995,-2.7360,15.7504,12.0193,2.152,1.636,-5.9962,-0.5915,null,Undefined
"McGrath, Sean",20260310-BaggettStadium-1,1,2,2,1,3,4,Left,Cutter,InPlay,83.29,2592.08,4.968,5.976,3.341,-0.1497,-3.5301,4.6676,-5.7236,2.734,-0.475,-6.8909,-4.5366,54.85,GroundBall
"McGrath, Sean",20260310-BaggettStadium-1,3,2,0,2,5,3,Right,Fastball,InPlay,91.00,2109.07,5.635,6.056,2.951,-2.4817,-4.5637,18.6119,13.9893,2.376,-0.150,-5.5991,-2.0761,88.18,GroundBall
"McGrath, Sean",20260310-BaggettStadium-1,2,1,1,2,3,4,Right,Cutter,BallCalled,83.33,2514.91,5.053,5.989,3.131,-2.0012,-3.4226,-2.4321,-9.2619,0.390,-0.873,-9.9897,-5.0580,null,Undefined
"McGrath, Sean",20260310-BaggettStadium-1,3,0,0,0,1,1,Right,Fastball,StrikeCalled,88.39,2083.84,5.712,6.038,3.181,-1.7854,-4.6954,13.8261,13.5506,2.502,-0.074,-5.9703,-2.2824,null,Undefined
"McGrath, Sean",20260310-BaggettStadium-1,3,0,0,1,1,2,Right,Cutter,BallCalled,83.02,2605.08,4.872,6.047,3.260,-2.6682,-3.8841,1.8497,-11.2751,0.142,-1.361,-9.8879,-5.8648,null,Undefined
"McGrath, Sean",20260310-BaggettStadium-1,2,1,2,2,3,5,Right,Fastball,InPlay,90.40,2085.74,5.731,5.994,3.103,-3.4464,-4.6132,17.7316,9.9733,1.344,-0.371,-6.6806,-2.8371,71.11,FlyBall
"McGrath, Sean",20260310-BaggettStadium-1,3,0,1,1,1,3,Right,Cutter,BallCalled,79.70,2568.43,4.845,6.030,3.184,2.2164,-1.8221,-0.4323,-12.3997,4.293,0.425,-6.0963,-4.0013,null,Undefined
"McGrath, Sean",20260310-BaggettStadium-1,3,0,2,1,1,4,Right,Fastball,BallCalled,88.52,2085.53,5.761,6.067,2.947,-2.5621,-5.7474,17.4047,12.1292,2.097,-1.410,-6.1195,-3.5928,null,Undefined
"McGrath, Sean",20260310-BaggettStadium-1,3,2,0,0,6,1,Right,ChangeUp,BallCalled,81.81,1712.36,5.936,5.773,3.056,-2.9790,-5.0247,16.9644,17.8689,0.855,-0.128,-7.8206,-1.8290,null,Undefined
"McGrath, Sean",20260310-BaggettStadium-1,3,0,3,1,1,5,Right,Fastball,StrikeCalled,89.44,2144.88,5.837,6.024,3.002,-2.5416,-4.8651,15.5427,13.2878,2.007,-0.424,-6.2518,-2.4944,null,Undefined
"McGrath, Sean",20260310-BaggettStadium-1,2,1,0,0,4,1,Right,Fastball,BallCalled,90.29,2139.12,5.780,6.007,3.018,-3.4873,-5.3614,17.2436,11.3621,1.273,-1.038,-6.8156,-3.3398,null,Undefined
"McGrath, Sean",20260310-BaggettStadium-1,3,0,3,2,1,6,Right,Fastball,InPlay,88.80,2132.99,5.850,5.990,2.976,-3.2674,-4.7926,19.2937,6.9951,1.557,-0.905,-6.4164,-3.5453,90.98,GroundBall
"McGrath, Sean",20260310-BaggettStadium-1,3,2,1,0,6,2,Right,Fastball,StrikeSwinging,89.35,2137.76,5.842,5.957,3.076,-2.7033,-5.0009,14.2588,19.1279,1.644,0.011,-6.7473,-1.5862,null,Undefined
"McGrath, Sean",20260310-BaggettStadium-1,2,1,1,0,4,2,Right,Cutter,StrikeSwinging,82.50,2470.50,5.203,5.954,3.396,-1.8248,-3.4063,1.1489,-6.7161,0.770,-0.371,-9.3438,-4.5950,null,Undefined
"McGrath, Sean",20260310-BaggettStadium-1,3,2,1,1,6,3,Right,Fastball,BallCalled,89.79,2115.17,5.526,6.044,3.083,-1.1900,-3.0438,10.5907,15.9766,2.855,1.566,-5.8225,-0.1987,null,Undefined
"McGrath, Sean",20260310-BaggettStadium-1,3,1,0,0,2,1,Right,Fastball,StrikeCalled,87.95,2094.48,5.702,5.994,3.141,-2.5873,-3.9807,21.2184,7.8866,2.264,0.083,-5.6082,-2.5757,null,Undefined
"McGrath, Sean",20260310-BaggettStadium-1,2,1,1,1,4,3,Right,Fastball,BallCalled,90.04,2060.05,5.787,6.024,2.958,-2.3417,-5.6095,16.2099,11.6182,2.296,-1.309,-5.7986,-3.5438,null,Undefined
"McGrath, Sean",20260310-BaggettStadium-1,3,1,0,1,2,2,Right,Cutter,InPlay,83.74,2514.37,5.202,5.973,3.124,-1.5660,-3.6955,6.5987,-4.6635,1.594,-0.745,-7.9149,-4.5194,80.82,GroundBall
"McGrath, Sean",20260310-BaggettStadium-1,3,2,2,1,6,4,Right,ChangeUp,BallCalled,83.27,1772.20,5.770,5.822,3.145,-3.2743,-5.0001,7.5229,16.4282,-0.050,-0.151,-9.4797,-2.0669,null,Undefined
"McGrath, Sean",20260310-BaggettStadium-1,2,1,2,1,4,4,Right,Fastball,BallCalled,89.45,2083.32,5.903,6.008,3.091,-3.8727,-5.1342,15.9971,9.7447,0.789,-0.875,-7.4801,-3.3951,null,Undefined
"McGrath, Sean",20260310-BaggettStadium-1,3,2,3,1,6,5,Right,Fastball,BallCalled,89.07,2083.51,5.891,5.868,3.027,-3.1660,-5.8200,15.7592,14.8999,1.201,-1.154,-7.0545,-3.1653,null,Undefined
"McGrath, Sean",20260310-BaggettStadium-1,3,2,0,0,3,1,Left,Fastball,StrikeCalled,90.30,2039.50,5.588,6.044,3.140,-1.4457,-3.6112,17.7022,11.3558,3.220,0.710,-4.8117,-1.5902,null,Undefined
"McGrath, Sean",20260310-BaggettStadium-1,2,1,3,1,4,5,Right,Fastball,InPlay,90.58,2032.12,5.638,6.037,3.122,-1.8415,-3.6872,15.4740,12.9473,2.744,0.757,-5.3726,-1.3804,84.94,GroundBall
"McGrath, Sean",20260310-BaggettStadium-1,3,2,0,1,3,2,Left,ChangeUp,BallCalled,82.28,1776.69,5.852,5.803,3.134,-3.5718,-4.8572,7.0926,19.9500,-0.461,0.272,-10.0461,-1.2857,null,Undefined
"McGrath, Sean",20260310-BaggettStadium-1,2,0,0,0,1,1,Right,Cutter,StrikeCalled,79.98,2549.00,4.852,5.949,3.414,-0.0758,-3.1204,-2.0713,-8.8208,1.924,-0.278,-8.5843,-4.6710,null,Undefined
"McGrath, Sean",20260310-BaggettStadium-1,1,0,0,0,1,1,Right,Fastball,BallCalled,90.43,2045.66,5.608,6.067,3.347,0.1888,-3.6996,18.5216,9.3410,4.878,0.667,-2.9417,-2.0377,null,Undefined
"McGrath, Sean",20260310-BaggettStadium-1,3,2,1,1,3,3,Left,Cutter,FoulBallNotFieldable,82.52,2598.02,4.942,5.967,3.200,-0.1416,-2.6557,8.8554,-3.2150,2.971,0.420,-6.4306,-3.2217,66.78,Undefined
"McGrath, Sean",20260310-BaggettStadium-1,1,0,1,0,1,2,Right,Fastball,InPlay,89.49,2019.65,5.545,6.019,3.256,-1.3115,-3.6676,17.3784,9.4236,3.261,0.609,-4.7834,-1.9923,73.46,FlyBall
"McGrath, Sean",20260310-BaggettStadium-1,2,0,0,1,1,2,Right,Fastball,BallCalled,89.59,2120.59,5.664,6.002,3.096,-1.4341,-5.5992,14.6937,5.3073,2.924,-1.699,-5.3247,-4.6587,null,Undefined
"McGrath, Sean",20260325-LoyolaMarymount-1,2,2,0,2,4.0,3.0,Right,Fastball,StrikeCalled,91.49,2152.84,6.253,5.795,1.435,-2.2734,-3.3666,18.3052,11.0802,2.418,-0.750,-5.2458,-1.3691,null,Undefined
"McGrath, Sean",20260325-LoyolaMarymount-1,3,2,0,1,3.0,2.0,Right,Slider,BallCalled,84.68,2756.52,5.505,5.876,1.600,-0.4147,-0.4538,-0.4249,-6.7793,2.146,0.611,-7.7447,-1.6637,null,Undefined
"McGrath, Sean",20260325-LoyolaMarymount-1,4,0,0,1,1.0,2.0,Right,Sweeper,StrikeCalled,81.38,2685.69,5.250,5.767,1.704,0.2658,-1.2732,-1.4117,-7.8558,2.272,-0.147,-7.9103,-2.6677,null,Undefined
"McGrath, Sean",20260325-LoyolaMarymount-1,1,2,0,0,4.0,1.0,Right,Slider,StrikeSwinging,84.45,2640.32,5.372,5.815,1.635,-0.5989,-2.1163,6.5128,-6.7608,2.475,-0.913,-6.6939,-3.3171,null,Undefined
"McGrath, Sean",20260325-LoyolaMarymount-1,3,2,1,1,3.0,3.0,Right,Slider,BallCalled,84.16,2751.63,5.628,5.754,1.747,-1.4926,-1.7150,-2.0911,-6.8920,0.830,-0.428,-9.2219,-2.9482,null,Undefined
"McGrath, Sean",20260325-LoyolaMarymount-1,4,0,0,2,1.0,3.0,Right,Fastball,FoulBallNotFieldable,90.49,2161.21,5.908,5.930,1.461,-2.4718,-2.8904,15.5168,8.4738,2.053,-0.519,-6.0536,-1.3712,86.53,Undefined
"McGrath, Sean",20260325-LoyolaMarymount-1,3,2,2,1,3.0,4.0,Right,Fastball,InPlay,90.28,2211.74,6.138,5.819,1.551,-1.7914,-2.8196,18.7799,14.0278,2.831,0.112,-4.8908,-0.2937,94.47,GroundBall
"McGrath, Sean",20260325-LoyolaMarymount-1,4,0,0,2,1.0,4.0,Right,Slider,BallCalled,83.54,2693.78,5.475,5.868,1.561,-1.5511,-1.4247,0.4556,-5.9446,1.069,-0.268,-8.8485,-2.4852,null,Undefined
"McGrath, Sean",20260325-LoyolaMarymount-1,1,2,0,1,4.0,2.0,Right,Fastball,BallCalled,86.77,2167.95,5.885,5.620,1.693,0.4279,-4.7340,14.9533,14.3281,4.093,-1.520,-3.9619,-2.1763,null,Undefined
"McGrath, Sean",20260325-LoyolaMarymount-1,4,0,1,2,1.0,5.0,Right,Sweeper,BallCalled,81.05,2826.44,5.661,5.693,1.646,-1.8121,-0.6375,0.3010,-15.3595,0.392,-0.228,-9.7350,-3.3896,null,Undefined
"McGrath, Sean",20260325-LoyolaMarymount-1,4,0,2,2,1.0,6.0,Right,Sweeper,InPlay,82.30,2657.33,5.310,5.760,1.798,1.1688,-1.1461,-0.6011,-8.3318,3.322,0.028,-6.5458,-2.6254,78.10,GroundBall
"McGrath, Sean",20260325-LoyolaMarymount-1,1,2,1,1,4.0,3.0,Right,Slider,FoulBallNotFieldable,83.95,2593.87,5.532,5.765,1.775,-0.8934,-2.6123,3.8718,-3.9865,1.873,-1.001,-7.6165,-3.3225,null,Undefined
"McGrath, Sean",20260325-LoyolaMarymount-1,1,2,1,2,4.0,4.0,Right,Fastball,FoulBallNotFieldable,89.78,1998.65,6.100,5.708,1.716,-0.6619,-3.4622,15.7539,9.5450,3.467,-0.695,-4.4161,-1.7471,74.97,Undefined
"McGrath, Sean",20260325-LoyolaMarymount-1,2,0,0,0,1.0,1.0,Right,Fastball,StrikeCalled,90.45,2173.10,5.892,5.823,1.761,-0.9325,-2.3736,15.1525,13.1713,3.348,0.653,-4.5930,-0.0116,null,Undefined
"McGrath, Sean",20260325-LoyolaMarymount-1,4,0,0,0,2.0,1.0,Right,Fastball,InPlay,89.87,2124.50,5.946,5.791,1.556,-1.5839,-2.3794,17.3792,10.5335,2.882,0.226,-4.8663,-0.4889,77.16,GroundBall
"McGrath, Sean",20260325-LoyolaMarymount-1,4,0,2,2,3.0,6.0,Right,Fastball,StrikeSwinging,90.03,2109.52,6.156,5.777,1.501,-1.3107,-2.8797,18.4666,7.1373,3.206,-0.567,-4.4665,-1.5948,null,Undefined
"McGrath, Sean",20260325-LoyolaMarymount-1,2,0,0,1,1.0,2.0,Right,Sweeper,InPlay,81.94,2715.74,5.492,5.709,1.783,0.3499,-1.1581,2.6363,-8.2928,2.720,0.009,-6.9471,-2.6358,103.59,GroundBall
"McGrath, Sean",20260325-LoyolaMarymount-1,1,2,1,2,4.0,5.0,Right,Slider,FoulBallNotFieldable,83.49,2630.79,5.552,5.721,1.765,-0.6690,-2.4149,3.7189,-5.4245,1.984,-0.945,-7.5240,-3.3818,null,Undefined
"McGrath, Sean",20260325-LoyolaMarymount-1,1,0,0,0,1.0,1.0,Right,Fastball,StrikeCalled,90.36,2207.47,6.109,5.737,1.940,-1.5755,-3.2281,17.8986,12.7011,2.886,0.010,-4.8000,-0.9440,null,Undefined
"McGrath, Sean",20260325-LoyolaMarymount-1,1,2,1,2,4.0,6.0,Right,Fastball,BallCalled,90.70,2040.94,6.213,5.782,1.615,-3.1633,-3.5508,19.3321,8.6569,1.632,-0.945,-5.9945,-1.9921,null,Undefined
"McGrath, Sean",20260325-LoyolaMarymount-1,2,0,0,0,2.0,1.0,Right,Fastball,FoulBallNotFieldable,89.73,2097.11,6.061,5.850,1.783,-1.3642,-2.7856,16.9608,12.2852,3.075,0.227,-4.8427,-0.5767,88.61,Undefined
"McGrath, Sean",20260325-LoyolaMarymount-1,1,0,0,1,1.0,2.0,Right,Fastball,FoulBallNotFieldable,90.71,2126.85,5.951,5.762,1.869,-1.1212,-3.7074,15.4186,13.5913,3.136,-0.442,-4.7404,-1.2721,null,Undefined
"McGrath, Sean",20260325-LoyolaMarymount-1,4,0,0,0,3.0,1.0,Right,Fastball,BallCalled,89.84,2153.74,6.021,5.790,1.635,-2.4056,-4.2236,18.7795,9.2936,2.215,-1.510,-5.4853,-2.5587,null,Undefined
"McGrath, Sean",20260325-LoyolaMarymount-1,1,2,2,2,4.0,7.0,Right,Fastball,FoulBallNotFieldable,90.12,2062.16,6.190,5.801,1.652,-1.8014,-2.7494,19.1007,8.2845,2.823,-0.198,-4.8688,-1.2566,26.44,Undefined
"McGrath, Sean",20260325-LoyolaMarymount-1,4,1,0,0,4.0,1.0,Right,Fastball,StrikeSwinging,90.72,2149.96,6.070,5.811,1.717,-1.1547,-2.1299,17.8704,10.6830,3.384,0.635,-4.2969,-0.2077,null,Undefined
"McGrath, Sean",20260325-LoyolaMarymount-1,1,0,0,2,1.0,3.0,Right,Fastball,FoulBallNotFieldable,90.30,2101.45,5.994,5.843,1.693,-2.6989,-3.0192,17.8861,10.9673,1.908,-0.194,-6.0002,-1.0503,66.96,Undefined
"McGrath, Sean",20260325-LoyolaMarymount-1,4,0,1,0,3.0,2.0,Right,Fastball,StrikeSwinging,89.45,2044.77,6.202,5.793,1.622,-0.9009,-3.1071,17.7787,8.8047,3.549,-0.516,-4.1505,-1.5212,null,Undefined
"McGrath, Sean",20260325-LoyolaMarymount-1,2,0,0,1,2.0,2.0,Right,Fastball,StrikeSwinging,90.13,2209.55,6.051,5.846,1.680,-1.3692,-2.3342,15.3575,16.3096,2.923,0.877,-5.1818,0.6003,null,Undefined
"McGrath, Sean",20260325-LoyolaMarymount-1,1,0,0,2,1.0,4.0,Right,Slider,InPlay,83.89,2526.03,5.292,5.777,1.869,0.1162,-2.3715,3.5085,-5.1119,2.772,-0.785,-6.7130,-3.2778,97.04,LineDrive
"McGrath, Sean",20260325-LoyolaMarymount-1,4,1,0,1,4.0,2.0,Right,Fastball,FoulBallNotFieldable,90.21,2140.19,6.021,5.811,1.552,-1.9266,-1.4052,18.0827,7.7037,2.652,0.892,-5.0905,-0.0195,102.40,Undefined
"McGrath, Sean",20260325-LoyolaMarymount-1,1,2,2,2,4.0,8.0,Right,Sweeper,FoulBallNotFieldable,82.04,2747.92,5.687,5.632,1.771,-0.6163,-0.8879,2.2010,-16.0480,1.669,-0.394,-8.1229,-3.7602,null,Undefined
"McGrath, Sean",20260325-LoyolaMarymount-1,1,2,2,2,4.0,9.0,Right,Sweeper,StrikeSwinging,80.61,2715.72,5.559,5.623,1.858,-1.6127,-1.8462,1.1353,-15.6325,0.515,-1.171,-9.5013,-4.6373,null,Undefined
"McGrath, Sean",20260325-LoyolaMarymount-1,1,1,0,0,2.0,1.0,Right,Fastball,FoulBallNotFieldable,90.66,2126.51,6.089,5.834,1.763,-1.1074,-3.6551,16.4990,10.9911,3.318,-0.707,-4.5400,-1.6809,85.14,Undefined
"McGrath, Sean",20260325-LoyolaMarymount-1,2,0,0,2,2.0,3.0,Right,Fastball,StrikeSwinging,91.59,2204.23,6.051,5.807,1.564,-0.7840,-1.1934,18.6828,5.1033,3.833,0.884,-3.6931,-0.2750,null,Undefined
"McGrath, Sean",20260325-LoyolaMarymount-1,4,1,0,2,4.0,3.0,Right,Slider,InPlay,84.01,2631.53,5.427,5.785,1.600,0.3235,-1.0561,2.2543,-6.3448,2.908,0.082,-6.6629,-2.1856,100.28,FlyBall
"McGrath, Sean",20260325-LoyolaMarymount-1,4,0,1,1,3.0,3.0,Right,Fastball,StrikeCalled,89.49,2081.53,6.208,5.824,1.576,-2.6790,-2.3061,19.8196,7.0276,2.116,0.032,-5.5231,-1.0387,null,Undefined
"McGrath, Sean",20260325-LoyolaMarymount-1,1,1,0,1,2.0,2.0,Right,Fastball,BallCalled,90.86,2137.69,6.070,5.793,1.865,-1.4587,-4.2398,19.6086,10.7519,3.203,-1.170,-4.3515,-2.3119,null,Undefined
"McGrath, Sean",20260325-LoyolaMarymount-1,1,1,1,1,2.0,3.0,Right,Curveball,InPlay,81.66,2715.12,5.538,5.653,1.990,-0.2503,-1.5148,6.7416,-13.1456,2.405,-0.521,-6.9142,-3.8577,83.61,FlyBall
"McGrath, Sean",20260325-LoyolaMarymount-1,4,0,1,2,3.0,4.0,Right,Fastball,BallCalled,89.28,2065.51,6.197,5.829,1.476,-1.1097,-4.2237,17.1836,9.6740,3.319,-1.624,-4.5113,-2.4849,null,Undefined
"McGrath, Sean",20260325-LoyolaMarymount-1,4,0,2,2,3.0,5.0,Right,Fastball,FoulBallNotFieldable,90.19,2143.02,6.176,5.882,1.423,-1.6669,-2.1576,18.7058,8.5279,3.055,0.140,-4.6368,-0.6202,null,Undefined
"McGrath, Sean",20260325-LoyolaMarymount-1,4,1,0,0,5.0,1.0,Right,Fastball,InPlay,91.71,2223.49,6.248,5.684,1.797,-2.3926,-3.1450,15.9206,11.2238,2.028,-0.172,-5.7138,-1.1206,102.33,FlyBall
"McGrath, Sean",20260325-LoyolaMarymount-1,1,2,0,0,3.0,1.0,Right,Fastball,FoulBallNotFieldable,91.34,2086.88,6.318,5.824,1.739,-1.8885,-3.3724,19.6703,10.5956,2.918,-0.488,-4.6254,-1.4602,32.15,Undefined
"McGrath, Sean",20260325-LoyolaMarymount-1,2,1,0,0,3.0,1.0,Right,Fastball,BallCalled,91.34,2059.61,6.019,5.855,1.596,-0.8974,-2.1912,18.0207,6.4615,3.686,0.104,-4.0063,-1.0301,null,Undefined
"McGrath, Sean",20260325-LoyolaMarymount-1,3,0,0,0,1.0,1.0,Right,Slider,InPlay,82.46,2667.96,5.423,5.776,1.680,-0.5108,-1.9913,6.1686,-7.6182,2.317,-0.821,-7.0616,-3.3460,57.37,GroundBall
"McGrath, Sean",20260325-LoyolaMarymount-1,2,1,1,0,3.0,2.0,Right,Fastball,InPlay,90.88,2177.39,5.987,5.848,1.527,-2.6276,-2.5358,16.1805,17.2351,1.878,0.611,-6.1408,0.5615,91.77,GroundBall
"McGrath, Sean",20260325-LoyolaMarymount-1,1,2,0,1,3.0,2.0,Right,Fastball,BallCalled,92.41,2189.21,5.969,5.886,1.608,-2.9710,-3.4030,13.5040,19.7135,1.500,0.092,-6.6443,0.1358,null,Undefined
"McGrath, Sean",20260325-LoyolaMarymount-1,1,2,1,1,3.0,3.0,Right,Fastball,BallCalled,91.67,2199.46,6.133,5.731,1.641,-4.5626,-5.1349,13.3004,15.5223,-0.206,-1.824,-8.3855,-2.3495,null,Undefined
"McGrath, Sean",20260325-LoyolaMarymount-1,3,1,0,0,2.0,1.0,Right,Fastball,StrikeCalled,91.46,2265.04,6.144,5.879,1.729,-2.6774,-3.1602,17.8542,11.6051,2.072,-0.227,-5.7523,-1.0713,null,Undefined
"McGrath, Sean",20260325-LoyolaMarymount-1,1,2,2,1,3.0,4.0,Right,Fastball,InPlay,90.99,2286.58,6.030,5.781,1.783,-2.6846,-2.7568,18.1414,13.6261,1.952,0.363,-5.7769,-0.3077,81.04,LineDrive
"McGrath, Sean",20260325-LoyolaMarymount-1,3,1,0,1,2.0,2.0,Right,Fastball,InPlay,90.22,2191.96,6.014,5.817,1.683,-1.8732,-3.1524,19.5166,12.7996,2.794,-0.174,-4.8684,-0.8545,74.10,Popup
"McGrath, Sean",20260325-LoyolaMarymount-1,2,2,0,0,4.0,1.0,Right,Slider,FoulBallNotFieldable,84.13,2489.09,5.473,5.771,1.681,0.0562,-1.7299,3.6338,-1.7724,2.737,-0.086,-6.7620,-2.0455,60.43,Undefined
"McGrath, Sean",20260325-LoyolaMarymount-1,2,2,0,1,4.0,2.0,Right,Sweeper,FoulBallNotFieldable,82.31,2736.04,5.641,5.715,1.653,-0.1147,-2.0082,0.7421,-11.1100,2.143,-1.148,-7.7551,-3.9923,65.61,Undefined
"McGrath, Sean",20260325-LoyolaMarymount-1,3,2,0,0,3.0,1.0,Right,Sweeper,StrikeSwinging,83.74,2644.30,5.573,5.882,1.701,0.0690,-1.3275,2.1561,-9.3996,2.759,-0.322,-6.9428,-3.0049,null,Undefined
"McGrath, Sean",20260325-LoyolaMarymount-1,4,0,0,0,1.0,1.0,Right,Sweeper,StrikeCalled,81.36,2573.56,5.428,5.714,1.761,0.4359,-0.9227,0.2502,-8.8667,2.545,0.158,-7.4133,-2.5017,null,Undefined
"McGrath, Sean",20260331-PeteBeidenField-1,9,0,0,0,1,1,Right,Fastball,BallCalled,92.71,2180.80,5.392,5.059,1.399,0.1098,-2.8170,15.6451,9.0984,3.661,-0.485,-3.3024,-1.2021,null,Undefined
"McGrath, Sean",20260331-PeteBeidenField-1,9,0,1,0,1,2,Right,Fastball,StrikeCalled,93.62,2297.59,5.587,4.971,1.247,-1.2629,-3.1114,16.7630,10.4249,2.449,-0.792,-4.3377,-1.2547,null,Undefined
"McGrath, Sean",20260331-PeteBeidenField-1,9,0,1,1,1,3,Right,Fastball,BallCalled,94.47,2253.08,5.303,5.123,1.118,-2.0029,-3.4259,17.3647,6.4917,1.980,-1.561,-4.8669,-2.2767,null,Undefined
"McGrath, Sean",20260331-PeteBeidenField-1,9,0,2,1,1,4,Right,Fastball,BallCalled,91.74,2114.09,5.316,4.977,1.276,-0.0851,-1.6350,17.1815,3.9258,3.468,0.068,-3.3375,-0.9385,null,Undefined
"McGrath, Sean",20260331-PeteBeidenField-1,8,1,0,0,2,2,Left,Slider,BallCalled,83.63,2395.38,4.769,5.597,1.808,-0.7210,-2.8266,1.2867,-3.5240,1.491,-1.168,-8.1392,-3.4457,null,Undefined
"McGrath, Sean",20260331-PeteBeidenField-1,9,0,3,1,1,5,Right,Fastball,BallCalled,91.78,2081.14,5.412,4.905,1.419,0.3798,-1.9565,16.3718,8.2386,3.767,0.272,-3.0263,-0.4923,null,Undefined
"McGrath, Sean",20260331-PeteBeidenField-1,8,1,1,0,2,3,Left,Slider,StrikeCalled,83.15,2553.45,4.657,5.543,1.764,-0.4719,-0.7116,0.6297,-6.5565,1.583,0.541,-8.0723,-1.8637,null,Undefined
"McGrath, Sean",20260331-PeteBeidenField-1,8,1,1,1,2,4,Left,Fastball,StrikeSwinging,91.09,1988.25,4.937,5.591,1.710,-1.0865,-1.8288,19.0147,7.7977,3.180,0.630,-4.2407,-0.4548,null,Undefined
"McGrath, Sean",20260331-PeteBeidenField-1,9,0,0,0,2,1,Right,Fastball,FoulBallNotFieldable,92.49,2150.61,5.452,4.997,1.613,-0.4706,-1.7949,16.2135,8.3153,3.117,0.626,-3.7401,-0.3155,79.69,Undefined
"McGrath, Sean",20260331-PeteBeidenField-1,8,1,1,2,2,5,Left,Slider,InPlay,84.73,2415.29,4.909,5.605,1.750,-0.6997,-1.3822,1.7665,-7.2712,1.718,-0.164,-7.6976,-2.6648,91.05,LineDrive
"McGrath, Sean",20260331-PeteBeidenField-1,9,0,0,1,2,2,Right,Slider,StrikeSwinging,80.34,2244.29,5.149,4.926,1.540,0.5202,-1.1935,6.4344,-10.4482,2.272,-0.454,-6.3481,-3.0427,null,Undefined
"McGrath, Sean",20260331-PeteBeidenField-1,9,0,0,2,2,3,Right,Slider,StrikeSwinging,82.17,2496.66,5.258,4.985,1.634,-0.6125,-1.2623,5.7210,-13.1314,1.349,-0.646,-7.3111,-3.5923,null,Undefined
"McGrath, Sean",20260331-PeteBeidenField-1,8,1,0,0,3,1,Right,Fastball,StrikeSwinging,91.18,2032.87,5.101,5.588,1.815,-2.0523,-1.8894,15.4358,11.4653,2.011,0.989,-5.7347,0.1381,null,Undefined
"McGrath, Sean",20260331-PeteBeidenField-1,9,1,0,0,3,1,Right,Slider,StrikeCalled,81.39,2213.64,5.438,4.826,1.799,0.9172,-1.9733,7.5450,-10.4328,2.762,-0.919,-5.5134,-3.8271,null,Undefined
"McGrath, Sean",20260331-PeteBeidenField-1,8,0,0,0,1,2,Left,Slider,StrikeCalled,83.80,2572.46,4.599,5.583,2.071,-0.0456,-1.5868,1.6819,-5.9992,2.214,0.062,-7.2129,-2.6385,null,Undefined
"McGrath, Sean",20260331-PeteBeidenField-1,8,1,0,1,3,2,Left,Fastball,InPlay,91.51,1952.64,5.088,5.632,1.816,-1.6919,-1.4288,14.9749,7.7789,2.371,1.117,-5.4312,-0.0532,104.24,LineDrive
"McGrath, Sean",20260331-PeteBeidenField-1,9,1,0,1,3,2,Right,Fastball,BallCalled,93.59,2166.81,5.445,5.081,1.466,-2.2252,-1.2746,18.5384,13.2101,1.796,1.373,-4.9842,1.0766,null,Undefined
"McGrath, Sean",20260331-PeteBeidenField-1,8,0,0,1,1,3,Left,Slider,StrikeSwinging,84.20,2713.80,4.586,5.575,1.988,-1.2768,-1.2657,1.9652,-8.0735,1.098,0.111,-8.2793,-2.6821,null,Undefined
"McGrath, Sean",20260331-PeteBeidenField-1,9,1,1,1,3,3,Right,Fastball,FoulBallNotFieldable,92.23,2146.40,5.363,4.965,1.807,-1.7697,-2.7916,18.6593,10.4775,2.035,0.060,-4.6663,-0.9324,85.26,Undefined
"McGrath, Sean",20260331-PeteBeidenField-1,8,0,0,2,1,4,Left,Slider,BallCalled,84.08,2574.57,4.652,5.635,2.066,-1.7632,-3.3719,-0.1089,-6.3738,0.515,-1.673,-9.1160,-4.4885,null,Undefined
"McGrath, Sean",20260331-PeteBeidenField-1,8,2,0,0,4,1,Right,Fastball,StrikeCalled,91.45,2037.52,5.101,5.613,1.808,-2.2497,-2.7750,17.2461,9.2362,2.007,-0.039,-5.5999,-1.1437,null,Undefined
"McGrath, Sean",20260331-PeteBeidenField-1,8,0,1,2,1,5,Left,Fastball,FoulBallNotFieldable,90.63,2116.61,4.996,5.568,1.876,-1.2286,-2.9735,16.0420,12.5410,2.812,0.111,-4.7802,-0.7633,76.60,Undefined
"McGrath, Sean",20260331-PeteBeidenField-1,9,1,1,2,3,4,Right,Slider,FoulBallNotFieldable,83.17,2460.22,5.254,4.937,1.767,-0.1248,-0.4752,5.4760,-15.9384,1.775,-0.007,-6.8343,-3.3039,null,Undefined
"McGrath, Sean",20260331-PeteBeidenField-1,8,2,0,1,4,2,Right,Fastball,BallCalled,91.06,2126.95,5.091,5.646,1.820,-1.7557,-1.6335,17.0834,11.1537,2.475,1.210,-5.1788,0.3385,null,Undefined
"McGrath, Sean",20260331-PeteBeidenField-1,8,0,1,2,1,6,Left,Undefined,Undefined,84.19,2578.53,4.686,5.641,1.854,-1.2850,-1.9863,3.7878,-7.5526,1.303,-0.662,-8.0079,-3.3123,null,Undefined
"McGrath, Sean",20260331-PeteBeidenField-1,9,1,1,2,3,5,Right,Fastball,BallCalled,92.60,2113.93,5.227,4.944,1.769,1.0260,-2.7069,15.7175,11.7989,4.378,0.205,-2.4551,-0.6189,null,Undefined
"McGrath, Sean",20260331-PeteBeidenField-1,8,2,1,1,4,3,Right,Undefined,Undefined,84.95,1903.72,5.751,5.453,1.865,-1.6987,-2.5059,11.7758,15.8524,1.540,0.852,-6.9313,0.3320,null,Undefined
"McGrath, Sean",20260331-PeteBeidenField-1,9,1,2,2,3,6,Right,Fastball,InPlay,93.14,2258.13,5.572,4.888,1.435,-1.1923,-2.4993,16.9880,11.9320,2.430,0.094,-4.2685,-0.3728,78.09,GroundBall
"McGrath, Sean",20260331-PeteBeidenField-1,8,2,1,2,4,5,Right,Fastball,FoulBallNotFieldable,90.69,2025.75,4.979,5.551,1.794,-0.9846,-2.8887,15.1059,10.5040,2.906,-0.061,-4.8223,-1.0380,71.05,Undefined
"McGrath, Sean",20260331-PeteBeidenField-1,8,1,0,0,1,7,Right,Fastball,FoulBallNotFieldable,92.06,2083.19,4.810,5.753,1.975,-1.7731,-3.0306,15.0920,11.0604,2.425,0.023,-5.4450,-1.0879,74.10,Undefined
"McGrath, Sean",20260331-PeteBeidenField-1,8,1,0,1,1,8,Right,Slider,InPlay,84.28,2732.58,4.444,5.731,1.983,-0.3766,-1.4670,-0.2854,-7.7184,1.892,-0.060,-7.8425,-2.8170,null,GroundBall
"McGrath, Sean",20260331-PeteBeidenField-1,8,2,1,2,4,6,Right,ChangeUp,BallCalled,85.00,1701.67,5.504,5.620,1.826,0.2220,-0.5348,13.7282,7.9239,3.632,1.986,-4.7337,0.8773,null,Undefined
"McGrath, Sean",20260331-PeteBeidenField-1,9,1,0,0,4,1,Right,Slider,BallCalled,78.69,2367.68,5.290,4.986,1.373,2.7896,0.9838,-2.1914,-16.5952,3.557,0.914,-6.0829,-1.9607,null,Undefined
"McGrath, Sean",20260331-PeteBeidenField-1,9,1,1,0,4,2,Right,Fastball,StrikeCalled,92.64,2175.81,5.400,5.040,1.518,-2.0626,-3.6151,17.7343,10.4359,1.773,-1.004,-5.0934,-1.7643,null,Undefined
"McGrath, Sean",20260331-PeteBeidenField-1,8,2,2,2,4,7,Right,Fastball,FoulBallNotFieldable,90.96,2003.64,5.173,5.655,1.685,-1.1982,-2.0828,14.8122,9.5139,2.844,0.517,-4.9680,-0.3988,83.51,Undefined
"McGrath, Sean",20260331-PeteBeidenField-1,9,1,1,1,4,3,Right,Fastball,BallCalled,92.16,2129.40,5.350,4.941,1.347,-2.3261,-3.7792,17.3175,9.2912,1.369,-1.428,-5.4582,-2.1335,null,Undefined
"McGrath, Sean",20260331-PeteBeidenField-1,8,2,2,2,4,8,Right,ChangeUp,StrikeSwinging,85.25,1697.16,5.578,5.472,1.719,-1.4335,-2.4760,5.6292,15.6223,1.312,0.707,-7.6746,0.3135,null,Undefined
"McGrath, Sean",20260331-PeteBeidenField-1,9,1,2,1,4,4,Right,Fastball,InPlay,91.99,2069.62,5.331,4.963,1.557,-1.4546,-2.8680,16.7343,13.4015,2.144,-0.020,-4.7509,-0.4910,100.19,GroundBall
"McGrath, Sean",20260407-BaggettStadium-1,5,2,1,2,4,4,Right,Fastball,BallCalled,85.23,2072.56,5.494,5.895,1.491,0.1850,-5.6483,18.5967,12.2923,4.255,-2.785,-3.9586,-3.4761,null,Undefined
"McGrath, Sean",20260407-BaggettStadium-1,1,0,1,1,1,3,Left,Fastball,InPlay,86.44,2521.39,4.797,5.917,2.005,-0.6517,-1.9685,6.8855,-4.4991,2.653,-0.236,-6.3920,-2.7594,90.98,FlyBall
"McGrath, Sean",20260407-BaggettStadium-1,5,2,2,2,4,5,Right,Fastball,InPlay,89.80,2129.88,5.656,5.970,1.477,-3.1118,-1.8114,19.1715,7.4775,1.678,0.410,-6.2967,-0.4757,87.55,FlyBall
"McGrath, Sean",20260407-BaggettStadium-1,2,1,0,0,2,1,Right,Fastball,StrikeCalled,90.25,2129.49,5.383,6.045,1.658,-2.8658,-3.3459,12.5936,10.7639,1.417,-0.585,-7.1939,-1.4350,null,Undefined
"McGrath, Sean",20260407-BaggettStadium-1,3,2,0,0,4,1,Right,Fastball,InPlay,83.86,2487.37,4.962,5.990,1.665,-0.1862,-0.6129,3.8820,-6.4397,2.678,0.549,-7.0394,-1.7501,89.76,GroundBall
"McGrath, Sean",20260407-BaggettStadium-1,1,1,0,0,2,1,Right,Fastball,BallCalled,90.78,2163.44,5.441,6.115,1.810,-0.3263,-3.2312,14.1324,7.2454,4.080,-0.615,-4.2173,-1.9448,null,Undefined
"McGrath, Sean",20260407-BaggettStadium-1,2,1,0,1,2,2,Right,Fastball,BallCalled,84.95,2627.55,5.018,5.953,1.704,-2.0666,-2.4966,4.8828,-4.3887,1.065,-1.020,-8.4326,-3.2716,null,Undefined
"McGrath, Sean",20260407-BaggettStadium-1,1,1,1,0,2,2,Right,Fastball,InPlay,85.51,2497.03,4.814,5.944,1.827,-0.5944,-1.6490,5.4365,-4.7118,2.479,-0.128,-6.9287,-2.4781,100.56,LineDrive
"McGrath, Sean",20260407-BaggettStadium-1,2,1,1,1,2,3,Right,Fastball,InPlay,90.45,2222.84,5.255,5.999,1.588,-2.1739,-1.7032,14.1611,10.7916,2.185,0.886,-6.1317,0.2111,86.29,LineDrive
"McGrath, Sean",20260421-704EddieDField-1,3,1,1,2,5,4,Right,Fastball,FoulBallNotFieldable,90.52,2060.81,6.247,5.976,0.825,-0.4736,-1.4618,17.6155,11.2519,4.197,0.414,-3.5713,0.5706,77.79,Undefined
"McGrath, Sean",20260407-BaggettStadium-1,2,1,0,0,3,1,Right,Fastball,StrikeCalled,89.68,2154.08,5.414,6.009,1.610,-2.6545,-3.1274,18.7175,9.0845,2.079,-0.566,-5.9282,-1.5145,null,Undefined
"McGrath, Sean",20260407-BaggettStadium-1,5,0,0,0,1,1,Left,ChangeUp,StrikeCalled,82.68,1892.36,5.842,5.794,1.757,-0.0765,-3.1249,5.6977,14.2437,2.771,0.037,-6.6307,-0.5733,null,Undefined
"McGrath, Sean",20260407-BaggettStadium-1,4,0,0,0,1,1,Right,Fastball,BallCalled,84.39,2339.09,4.991,6.009,1.659,-2.5932,-2.4656,7.7707,-5.5316,0.806,-1.132,-8.5690,-3.4418,null,Undefined
"McGrath, Sean",20260407-BaggettStadium-1,2,1,0,1,3,2,Right,Fastball,FoulBallNotFieldable,89.88,2159.47,5.314,6.006,1.437,-1.2950,-3.1801,13.1660,12.0441,2.926,-0.548,-5.4455,-1.0452,75.44,Undefined
"McGrath, Sean",20260407-BaggettStadium-1,1,1,0,0,3,1,Right,Slider,StrikeSwinging,79.48,2828.79,5.001,5.784,1.969,-0.2371,-0.8252,7.5005,-22.3466,2.294,-0.672,-7.4074,-4.7703,null,Undefined
"McGrath, Sean",20260407-BaggettStadium-1,4,0,1,0,1,2,Right,Fastball,FoulBallNotFieldable,88.97,2035.23,5.851,5.947,1.603,-2.1189,-3.4616,17.1704,8.0098,2.444,-0.950,-5.5869,-2.0288,78.63,Undefined
"McGrath, Sean",20260407-BaggettStadium-1,5,0,0,1,1,2,Left,Fastball,InPlay,90.57,2094.94,5.583,5.978,1.666,-2.1712,-2.4539,15.3121,7.6991,2.331,0.014,-5.8147,-1.0812,76.88,GroundBall
"McGrath, Sean",20260407-BaggettStadium-1,3,0,0,0,1,1,Right,Fastball,InPlay,88.64,2044.99,5.568,6.039,1.554,-1.3927,-2.3942,13.9465,10.2071,2.882,0.166,-5.5532,-0.5745,72.89,GroundBall
"McGrath, Sean",20260407-BaggettStadium-1,2,1,0,2,3,3,Right,Slider,FoulBallNotFieldable,79.80,2725.48,4.770,5.829,1.856,0.2367,-1.3764,0.6278,-19.6151,2.225,-1.084,-8.0700,-4.8248,null,Undefined
"McGrath, Sean",20260407-BaggettStadium-1,4,0,1,1,1,3,Right,Fastball,BallCalled,85.47,2536.33,5.026,6.022,1.572,-2.5193,-1.9591,9.6080,-5.7533,1.124,-0.757,-8.0206,-2.9754,null,Undefined
"McGrath, Sean",20260407-BaggettStadium-1,1,1,0,1,3,2,Right,Fastball,BallCalled,90.79,2180.16,5.338,6.049,1.717,-1.1603,-2.8358,21.1071,0.7275,3.792,-0.885,-3.8547,-2.7069,null,Undefined
"McGrath, Sean",20260407-BaggettStadium-1,4,0,2,1,1,4,Right,Fastball,BallCalled,84.07,2637.80,5.077,5.951,1.694,-2.3926,-1.9211,5.0256,-8.4789,0.699,-0.825,-8.8898,-3.4213,null,Undefined
"McGrath, Sean",20260407-BaggettStadium-1,2,1,0,2,3,4,Right,Fastball,BallCalled,90.29,2138.45,5.481,6.046,1.372,-1.5778,-3.4261,20.3671,5.8528,3.308,-1.350,-4.4821,-2.3869,null,Undefined
"McGrath, Sean",20260407-BaggettStadium-1,1,1,1,1,3,3,Right,Fastball,StrikeCalled,89.92,2165.92,5.352,5.965,1.652,-1.3915,-2.4399,15.7332,10.0931,3.002,0.203,-5.1233,-0.6482,null,Undefined
"McGrath, Sean",20260407-BaggettStadium-1,5,1,0,0,2,1,Right,Fastball,StrikeCalled,84.02,2576.34,4.989,5.936,1.771,-1.8684,-2.3403,5.8458,-3.5270,1.263,-0.734,-8.1644,-2.9628,null,Undefined
"McGrath, Sean",20260407-BaggettStadium-1,4,0,3,1,1,5,Right,Fastball,FoulBallNotFieldable,89.45,2114.50,5.665,6.048,1.462,-1.9634,-2.5236,16.1662,6.2847,2.592,-0.369,-5.6418,-1.4016,79.66,Undefined
"McGrath, Sean",20260407-BaggettStadium-1,3,1,0,0,2,1,Left,Fastball,StrikeCalled,89.85,2085.79,5.724,5.954,1.613,-2.9030,-3.5586,16.0014,13.7874,1.615,-0.557,-6.5988,-1.0968,null,Undefined
"McGrath, Sean",20260407-BaggettStadium-1,4,2,0,0,4,1,Right,Fastball,InPlay,89.33,2025.26,5.541,6.023,1.504,-1.5736,-1.4943,17.2981,9.8737,3.024,0.930,-5.0307,0.2660,85.71,Popup
"McGrath, Sean",20260407-BaggettStadium-1,2,1,1,2,3,5,Right,Slider,StrikeSwinging,79.40,2644.34,4.843,5.748,1.796,1.0692,-0.4697,4.6315,-22.4382,3.222,-0.519,-6.6816,-4.4185,null,Undefined
"McGrath, Sean",20260407-BaggettStadium-1,5,1,0,1,2,2,Right,Fastball,BallCalled,89.53,2150.68,5.554,5.992,1.618,-2.6133,-5.0645,15.2985,13.3665,1.853,-2.012,-6.3862,-2.6935,null,Undefined
"McGrath, Sean",20260407-BaggettStadium-1,1,1,1,2,3,4,Right,Slider,StrikeSwinging,80.20,2877.43,4.782,5.779,1.953,1.6245,0.2872,6.9188,-22.1498,4.004,0.379,-5.6851,-3.6061,null,Undefined
"McGrath, Sean",20260407-BaggettStadium-1,3,1,0,1,2,2,Left,Fastball,FoulBallNotFieldable,89.40,2184.42,5.532,6.031,1.701,-1.2158,-2.5707,18.5878,10.1145,3.467,0.139,-4.4677,-0.7699,75.22,Undefined
"McGrath, Sean",20260407-BaggettStadium-1,4,0,3,2,1,6,Right,Fastball,StrikeSwinging,90.91,2133.89,5.561,6.015,1.416,-3.1671,-2.9445,17.4236,6.8235,1.655,-0.769,-6.3012,-1.7295,null,Undefined
"McGrath, Sean",20260407-BaggettStadium-1,3,1,0,2,2,3,Left,Fastball,BallCalled,90.80,2170.22,5.595,6.067,1.435,-1.6029,-3.1714,17.9723,7.2881,3.170,-0.922,-4.7970,-1.8736,null,Undefined
"McGrath, Sean",20260407-BaggettStadium-1,5,1,1,2,2,4,Right,Fastball,FoulBallNotFieldable,91.20,2188.21,5.683,6.076,1.514,-2.2123,-3.3570,17.6010,11.3671,2.637,-0.672,-5.3344,-1.3293,76.11,Undefined
"McGrath, Sean",20260407-BaggettStadium-1,1,0,0,1,1,2,Left,Fastball,BallCalled,84.81,2635.21,4.710,5.944,1.848,-1.1460,-2.4888,1.9818,-5.0134,1.642,-0.934,-8.0655,-3.3689,null,Undefined
"McGrath, Sean",20260407-BaggettStadium-1,2,2,0,0,4,1,Left,Fastball,BallCalled,89.97,2055.73,5.524,5.983,1.518,-3.7056,-3.3153,19.9972,9.2397,1.212,-0.815,-6.6649,-1.6721,null,Undefined
"McGrath, Sean",20260407-BaggettStadium-1,1,2,0,0,4,1,Right,Fastball,StrikeCalled,91.11,2162.96,5.601,5.984,1.614,-1.7057,-2.7920,22.3665,0.1673,3.361,-0.981,-4.1229,-2.7622,null,Undefined
"McGrath, Sean",20260407-BaggettStadium-1,4,1,0,0,2,1,Left,ChangeUp,FoulBallNotFieldable,83.30,1706.12,5.705,5.861,1.594,-1.0701,-2.9476,6.1033,13.3453,1.962,-0.043,-7.4943,-0.5612,107.53,Undefined
"McGrath, Sean",20260407-BaggettStadium-1,3,1,1,2,2,4,Left,Fastball,InPlay,83.95,2547.01,5.050,5.859,1.703,-1.0158,-1.4187,7.0060,-2.6205,2.032,0.146,-7.3102,-1.8820,88.16,FlyBall
"McGrath, Sean",20260407-BaggettStadium-1,2,2,1,0,4,2,Left,Fastball,FoulBallNotFieldable,88.70,2153.23,5.727,5.917,1.587,-1.5763,-3.1845,17.1045,14.2669,2.851,-0.193,-5.2122,-0.6362,73.41,Undefined
"McGrath, Sean",20260407-BaggettStadium-1,5,1,1,2,2,5,Right,Slider,StrikeSwinging,79.63,2732.83,5.064,5.798,1.834,-0.9404,-2.0780,-3.5297,-14.2928,0.693,-1.318,-10.1171,-4.6075,null,Undefined
"McGrath, Sean",20260407-BaggettStadium-1,1,2,0,1,4,2,Right,Fastball,BallCalled,90.12,2142.10,5.340,5.954,1.530,-2.4779,-3.0822,21.5347,0.3858,2.406,-1.332,-5.3034,-3.0139,null,Undefined
"McGrath, Sean",20260414-BaggettStadium-2,3,2,0,1,5,2,Left,Fastball,StrikeSwinging,91.50,2102.84,5.666,5.859,1.517,-0.7989,-2.1922,17.6662,12.4762,3.765,0.512,-3.8821,0.0357,null,Undefined
"McGrath, Sean",20260407-BaggettStadium-1,4,1,0,1,2,2,Left,Fastball,InPlay,91.09,2151.81,5.623,6.043,1.458,-1.6974,-2.6764,15.2002,9.5717,2.846,-0.243,-5.3479,-0.9690,58.42,GroundBall
"McGrath, Sean",20260407-BaggettStadium-1,3,2,0,0,3,1,Right,Fastball,StrikeCalled,90.12,2099.18,5.370,6.024,1.532,-2.9008,-1.9086,16.9552,10.0265,1.744,0.578,-6.4154,-0.1267,null,Undefined
"McGrath, Sean",20260407-BaggettStadium-1,5,2,0,0,3,1,Left,Fastball,InPlay,90.06,2154.74,5.563,6.014,1.688,-0.9787,-2.5466,11.4241,12.9759,3.078,0.388,-5.5284,-0.2335,104.51,LineDrive
"McGrath, Sean",20260407-BaggettStadium-1,1,2,1,1,4,3,Right,Fastball,BallCalled,86.13,2505.92,5.008,5.889,1.652,-2.4884,-1.8977,7.5382,-7.1637,0.924,-0.737,-8.1654,-3.1630,null,Undefined
"McGrath, Sean",20260407-BaggettStadium-1,2,2,1,1,4,3,Left,ChangeUp,StrikeSwinging,82.54,1839.34,5.865,5.760,1.674,-1.5381,-3.5158,5.1381,19.8807,1.242,0.061,-8.4183,0.0506,null,Undefined
"McGrath, Sean",20260407-BaggettStadium-1,3,2,0,1,3,2,Right,Slider,BallCalled,81.88,2709.07,5.179,5.852,1.683,-1.7901,-2.2030,5.1336,-15.5835,0.989,-1.689,-8.7079,-4.9621,null,Undefined
"McGrath, Sean",20260407-BaggettStadium-1,4,2,0,0,3,1,Right,Fastball,StrikeCalled,91.66,2144.03,5.677,6.005,1.597,-2.8292,-3.4024,16.9548,9.0508,1.925,-0.824,-6.1028,-1.7882,null,Undefined
"McGrath, Sean",20260407-BaggettStadium-1,2,2,1,2,4,4,Left,ChangeUp,BallCalled,84.07,1858.03,5.727,5.733,1.627,-2.4885,-4.0524,7.6907,19.3031,0.647,-0.545,-8.6321,-0.6022,null,Undefined
"McGrath, Sean",20260407-BaggettStadium-1,3,2,1,1,3,3,Right,Fastball,FoulBallNotFieldable,90.75,2217.21,5.687,6.012,1.305,-2.0210,-3.2718,19.3308,7.8348,2.856,-1.095,-4.9357,-1.8745,81.35,Undefined
"McGrath, Sean",20260407-BaggettStadium-1,1,2,2,1,4,4,Right,Fastball,FoulBallNotFieldable,84.65,2520.32,4.787,5.879,1.708,0.4263,-1.3325,1.1900,-6.2676,2.938,-0.078,-6.8632,-2.4349,65.76,Undefined
"McGrath, Sean",20260407-BaggettStadium-1,4,2,0,1,3,2,Right,Slider,BallCalled,81.32,2833.92,4.828,5.833,1.724,-2.2809,-3.5246,-0.2951,-18.8978,-0.128,-3.193,-10.4381,-6.8434,null,Undefined
"McGrath, Sean",20260407-BaggettStadium-1,5,2,0,0,4,1,Right,Fastball,BallCalled,85.37,2020.49,5.765,5.809,1.574,0.5653,-6.5828,18.8399,7.7044,4.568,-3.938,-3.5021,-5.2200,null,Undefined
"McGrath, Sean",20260407-BaggettStadium-1,3,2,1,2,3,4,Right,Fastball,FoulBallNotFieldable,91.32,2180.45,5.834,6.086,1.470,-1.7097,-3.4746,17.4650,9.2623,3.098,-0.992,-4.9169,-1.8184,77.35,Undefined
"McGrath, Sean",20260407-BaggettStadium-1,1,2,2,2,4,5,Right,Slider,StrikeSwinging,80.20,2817.56,4.987,5.753,1.894,-0.2845,-1.5173,3.4538,-22.3433,1.958,-1.401,-7.9743,-5.4595,null,Undefined
"McGrath, Sean",20260407-BaggettStadium-1,4,2,1,1,3,3,Right,Fastball,FoulBallNotFieldable,89.93,2127.38,5.674,6.062,1.403,-2.1041,-2.9382,15.0073,9.6942,2.397,-0.531,-5.9508,-1.2077,72.90,Undefined
"McGrath, Sean",20260407-BaggettStadium-1,2,2,2,2,4,5,Left,ChangeUp,StrikeSwinging,83.83,1790.01,5.840,5.744,1.712,-2.3444,-3.2231,9.6342,14.7792,0.965,-0.055,-8.1493,-0.5738,null,Undefined
"McGrath, Sean",20260407-BaggettStadium-1,3,2,1,2,3,5,Right,Fastball,BallCalled,85.29,2585.87,5.037,6.033,1.382,-2.8706,-1.7875,5.1085,-3.4413,0.415,-0.592,-9.1768,-2.3963,null,Undefined
"McGrath, Sean",20260407-BaggettStadium-1,4,2,1,2,3,4,Right,Fastball,FoulBallNotFieldable,85.80,2514.17,5.218,5.974,1.476,-3.0707,-2.3251,7.3380,-5.6654,0.451,-1.184,-8.7894,-3.3294,null,Undefined
"McGrath, Sean",20260414-BaggettStadium-2,6,0,1,1,1,3,Left,ChangeUp,BallCalled,81.71,1835.92,5.897,5.633,1.674,-2.5790,-3.4978,5.4379,19.1555,0.142,0.019,-9.4214,-0.0574,null,Undefined
"McGrath, Sean",20260407-BaggettStadium-1,3,2,2,2,3,6,Right,Fastball,InPlay,90.56,2123.39,5.763,5.980,1.438,-2.6861,-2.7410,14.0924,9.0726,1.778,-0.359,-6.4994,-1.1180,104.57,GroundBall
"McGrath, Sean",20260402-BaggettStadium-2,9,0,0,1,1,2,Right,FourSeamFastBall,BallCalled,92.79,2038.15,5.448,5.930,1.807,-0.7529,-1.7407,15.8393,10.8704,3.787,1.082,-4.0048,0.1935,null,Undefined
"McGrath, Sean",20260402-BaggettStadium-2,9,0,1,1,1,3,Right,Slider,StrikeCalled,83.14,2571.62,4.760,5.754,2.031,-0.7428,-0.6633,1.3600,-7.7027,1.670,0.760,-8.0332,-2.0193,null,Undefined
"McGrath, Sean",20260402-BaggettStadium-2,9,0,1,2,1,4,Right,ChangeUp,BallCalled,81.14,2764.75,4.968,5.653,1.992,-2.8039,-2.0670,-3.8896,-20.0103,-1.039,-1.629,-11.4490,-5.6053,null,Undefined
"McGrath, Sean",20260402-BaggettStadium-2,9,0,2,2,1,5,Right,Fastball,InPlay,91.35,2045.45,5.453,5.861,1.746,-1.0757,-3.0771,14.3675,12.0633,3.214,-0.132,-4.7492,-0.9334,90.35,FlyBall
"McGrath, Sean",20260402-BaggettStadium-2,9,1,0,0,2,1,Right,Slider,InPlay,84.83,2739.93,4.831,5.839,1.815,-0.5182,-1.3854,0.4182,-8.2503,2.058,-0.184,-7.6066,-2.8386,99.16,LineDrive
"McGrath, Sean",20260402-BaggettStadium-2,9,2,0,0,3,1,Right,FourSeamFastBall,StrikeCalled,93.86,2000.21,5.503,5.897,1.754,-2.9672,-3.8289,19.0371,10.7695,2.011,-0.935,-5.4811,-1.9163,null,Undefined
"McGrath, Sean",20260402-BaggettStadium-2,9,2,0,1,3,2,Right,Fastball,FoulBallNotFieldable,92.42,2003.34,5.677,5.935,1.728,-2.3332,-2.0847,13.0622,14.0067,2.107,0.951,-6.0232,0.4191,64.16,Undefined
"McGrath, Sean",20260402-BaggettStadium-2,9,2,0,2,3,3,Right,FourSeamFastBall,StrikeSwinging,94.21,2140.60,5.470,6.033,1.681,-1.4819,-3.2540,17.2183,10.7137,3.382,-0.475,-4.3642,-1.3505,null,Undefined
"McGrath, Sean",20260402-BaggettStadium-2,9,0,0,0,1,1,Right,Fastball,StrikeCalled,92.35,2064.26,5.695,5.769,1.844,-2.2268,-4.2048,16.5884,12.6315,2.304,-1.029,-5.3650,-1.9545,null,Undefined
"McGrath, Sean",20260407-BaggettStadium-1,5,2,1,0,4,2,Right,Fastball,FoulBallNotFieldable,89.05,2111.47,5.741,6.054,1.442,-1.7817,-2.1177,20.9348,3.7087,3.113,-0.222,-4.7668,-1.4547,88.57,Undefined
"McGrath, Sean",20260407-BaggettStadium-1,4,2,1,2,3,5,Right,Slider,InPlay,80.12,2787.39,4.577,5.834,1.855,0.2462,-0.9362,1.4425,-17.8353,2.359,-0.522,-7.7579,-4.0622,94.50,LineDrive
"McGrath, Sean",20260407-BaggettStadium-1,5,2,1,1,4,3,Right,Fastball,FoulBallNotFieldable,89.30,2108.63,5.706,6.059,1.485,-1.5738,-3.4234,19.3732,10.4258,3.222,-0.840,-4.7163,-1.5635,96.10,Undefined
"McGrath, Sean",20260407-BaggettStadium-1,1,0,0,0,1,1,Left,Fastball,StrikeCalled,91.20,2190.51,5.438,5.863,1.932,-0.8070,-2.9802,13.1816,9.5161,3.349,-0.069,-4.7387,-1.2896,null,Undefined
"McGrath, Sean",20260414-BaggettStadium-2,2,2,0,1,4,2,Right,Slider,BallCalled,81.14,2884.53,4.947,5.673,2.063,-1.4703,-1.5615,5.2841,-17.5176,0.916,-0.873,-8.8512,-4.6528,null,Undefined
"McGrath, Sean",20260407-BaggettStadium-1,2,0,0,1,1,2,Left,Fastball,InPlay,89.84,2115.15,5.311,5.968,1.900,-2.1320,-3.0998,17.9993,10.4134,2.447,-0.145,-5.5852,-1.2543,65.21,GroundBall
"McGrath, Sean",20260421-704EddieDField-1,3,1,1,2,5,5,Right,Slider,BallCalled,80.29,2785.12,5.292,5.731,1.296,-1.5954,-0.0408,0.7653,-15.8969,0.573,-0.067,-9.5632,-2.8704,null,Undefined
"McGrath, Sean",20260421-704EddieDField-1,2,2,1,0,3,1,Left,Fastball,BallCalled,91.77,2175.04,6.111,5.875,1.165,-4.0630,-3.4487,17.8649,13.4662,0.794,-0.905,-7.0845,-1.0266,null,Undefined
"McGrath, Sean",20260421-704EddieDField-1,2,2,2,0,3,2,Left,Fastball,StrikeSwinging,89.40,2164.58,6.195,5.788,1.196,-1.2722,-2.5269,17.8480,7.2252,3.196,-0.536,-4.5367,-1.2244,null,Undefined
"McGrath, Sean",20260421-704EddieDField-1,3,1,2,2,5,6,Right,Slider,BallCalled,82.01,2636.96,5.492,5.856,0.968,-1.3929,-2.1300,-1.2289,-7.0688,0.938,-1.615,-9.2579,-3.3908,null,Undefined
"McGrath, Sean",20260421-704EddieDField-1,2,2,2,1,3,3,Left,Fastball,BallCalled,90.06,2201.93,6.121,5.861,1.169,-3.4664,-2.2402,17.9796,7.3889,1.284,-0.287,-6.5917,-0.9092,null,Undefined
"McGrath, Sean",20260421-704EddieDField-1,3,0,0,0,1,1,Right,Fastball,StrikeCalled,89.78,2156.45,6.229,5.840,1.114,-2.8975,-3.0839,14.0555,10.1469,1.446,-0.888,-6.7915,-1.2534,null,Undefined
"McGrath, Sean",20260414-BaggettStadium-2,5,0,0,0,1,1,Right,Fastball,StrikeCalled,83.63,2622.43,4.870,5.896,1.625,-0.3210,-0.5324,0.8213,-9.0708,2.195,0.365,-7.6888,-2.1321,null,Undefined
"McGrath, Sean",20260421-704EddieDField-1,3,1,3,2,5,7,Right,Slider,FoulBallNotFieldable,81.98,2656.69,5.460,5.782,1.172,-1.0279,-0.2962,-0.9271,-7.7969,1.246,0.245,-8.8119,-1.6880,null,Undefined
"McGrath, Sean",20260421-704EddieDField-1,2,2,3,1,3,4,Left,Fastball,InPlay,89.73,2157.76,6.067,5.883,1.224,-2.1039,-2.0550,14.8842,13.6264,2.296,0.457,-5.8138,0.3985,100.66,LineDrive
"McGrath, Sean",20260421-704EddieDField-1,3,0,0,1,1,2,Right,Fastball,FoulBallNotFieldable,88.85,2114.62,6.251,5.943,1.178,-0.9724,-2.4485,17.1758,11.3672,3.536,-0.135,-4.4526,-0.3966,76.58,Undefined
"McGrath, Sean",20260421-704EddieDField-1,3,1,3,2,5,8,Right,Fastball,StrikeSwinging,90.37,1999.02,6.062,5.870,0.994,-1.4350,-0.5058,15.3695,11.2787,2.988,1.466,-4.9643,1.5256,null,Undefined
"McGrath, Sean",20260421-704EddieDField-1,3,0,0,2,1,3,Right,Fastball,InPlay,90.50,2112.03,6.151,5.982,1.070,-1.6896,-3.0517,15.6249,11.0343,2.895,-0.833,-5.1624,-1.0648,103.15,GroundBall
"McGrath, Sean",20260421-704EddieDField-1,3,2,0,0,6,1,Right,Fastball,StrikeCalled,90.44,2058.04,6.106,5.920,0.918,-2.5891,-1.8365,16.0649,9.7562,2.032,0.032,-5.9795,-0.0786,null,Undefined
"McGrath, Sean",20260421-704EddieDField-1,3,0,0,0,2,1,Right,Slider,InPlay,81.55,2646.91,5.374,5.874,1.368,-0.0995,-1.1535,1.6877,-6.9143,2.385,-0.290,-7.5087,-2.3837,73.11,FlyBall
"McGrath, Sean",20260421-704EddieDField-1,3,2,0,1,6,2,Right,Fastball,BallCalled,90.21,2072.08,6.186,5.891,1.055,-0.6436,-2.0796,18.0252,8.2168,3.965,-0.181,-3.7111,-0.5980,null,Undefined
"McGrath, Sean",20260421-704EddieDField-1,1,0,0,0,1,1,Right,Fastball,StrikeCalled,90.66,2071.26,5.989,5.891,1.256,-3.0017,-2.6826,15.6825,13.2160,1.567,-0.131,-6.4885,-0.3079,null,Undefined
"McGrath, Sean",20260421-704EddieDField-1,1,0,0,1,1,2,Right,Fastball,BallCalled,89.48,2141.98,6.107,5.904,1.192,-2.9555,-4.4662,15.4445,13.8818,1.541,-1.790,-6.6261,-1.9741,null,Undefined
"McGrath, Sean",20260421-704EddieDField-1,3,2,1,1,6,3,Right,Slider,StrikeSwinging,82.52,2594.13,5.540,5.858,1.073,-0.3016,-1.4931,-2.8439,-8.1240,1.885,-0.999,-8.3623,-2.9434,null,Undefined
"McGrath, Sean",20260414-BaggettStadium-2,3,2,0,2,5,3,Left,Fastball,StrikeSwinging,91.54,2181.91,5.801,5.746,1.447,-0.8622,-2.2043,15.2801,13.5856,3.414,0.528,-4.3374,0.2283,null,Undefined
"McGrath, Sean",20260407-BaggettStadium-1,5,1,1,1,2,3,Right,Slider,StrikeCalled,78.07,2675.05,4.782,5.739,1.925,0.3436,0.2883,1.7550,-22.2312,2.207,0.346,-8.0169,-3.6255,null,Undefined
"McGrath, Sean",20260421-704EddieDField-1,3,1,0,0,3,1,Right,Slider,FoulBallNotFieldable,78.20,2660.88,5.361,5.688,1.427,-0.3882,-1.0894,-1.0269,-15.7657,1.320,-0.909,-9.1239,-3.8955,null,Undefined
"McGrath, Sean",20260421-704EddieDField-1,1,0,1,1,1,3,Right,Slider,InPlay,82.50,2621.84,5.327,5.895,1.227,-1.3043,-1.8520,9.8714,-9.5034,1.953,-1.304,-7.3028,-3.5393,80.07,FlyBall
"McGrath, Sean",20260421-704EddieDField-1,3,2,1,2,6,4,Right,Fastball,InPlay,90.28,2136.82,6.088,5.930,1.031,-2.1585,-1.9171,17.9069,9.8723,2.577,0.080,-5.2649,-0.1394,102.39,FlyBall
"McGrath, Sean",20260421-704EddieDField-1,3,1,0,1,3,2,Right,Fastball,FoulBallNotFieldable,89.47,2188.84,6.120,5.906,1.085,-1.2559,-2.8399,18.3416,12.2866,3.383,-0.519,-4.3839,-0.6286,90.09,Undefined
"McGrath, Sean",20260421-704EddieDField-1,1,1,0,0,2,1,Right,Fastball,InPlay,90.21,2082.69,5.948,6.006,1.242,-1.0625,-1.5294,14.9763,12.2992,3.400,0.848,-4.7452,0.6802,65.54,LineDrive
"McGrath, Sean",20260421-704EddieDField-1,3,1,0,2,3,3,Right,Slider,InPlay,79.42,2763.50,5.311,5.724,1.270,-0.4244,-0.1259,0.3424,-15.0425,1.559,-0.102,-8.6507,-2.8022,101.01,LineDrive
"McGrath, Sean",20260421-704EddieDField-1,3,2,0,0,7,1,Right,Slider,StrikeCalled,82.47,2606.55,5.413,5.913,1.295,-0.7948,-0.5034,-1.2312,-2.9825,1.568,0.575,-8.6592,-1.0352,null,Undefined
"McGrath, Sean",20260421-704EddieDField-1,3,2,0,1,7,2,Right,Fastball,InPlay,90.73,2070.88,6.057,5.933,1.121,-2.2550,-1.9759,17.2523,7.9114,2.440,-0.049,-5.4769,-0.5522,104.35,LineDrive
"McGrath, Sean",20260421-704EddieDField-1,3,1,0,0,4,1,Right,Slider,StrikeSwinging,82.26,2645.67,5.572,5.799,1.163,-0.8308,-1.4203,1.3842,-7.3339,1.703,-0.775,-8.0743,-2.7302,null,Undefined
"McGrath, Sean",20260421-704EddieDField-1,1,1,0,0,3,1,Right,Slider,StrikeCalled,78.84,2816.06,5.211,5.758,1.456,0.1616,-1.3845,1.8244,-13.8065,2.222,-0.997,-7.8723,-3.8321,null,Undefined
"McGrath, Sean",20260421-704EddieDField-1,3,1,0,1,4,2,Right,Slider,InPlay,80.28,2629.65,5.525,5.807,1.130,-0.3678,-0.5306,-1.3828,-7.6297,1.706,-0.002,-8.5723,-1.8935,100.44,LineDrive
"McGrath, Sean",20260421-704EddieDField-1,1,1,0,1,3,2,Right,Fastball,InPlay,89.31,2185.90,5.965,5.900,1.138,-1.8861,-1.6303,17.8778,11.9468,2.729,0.621,-5.1278,0.5165,78.38,FlyBall
"McGrath, Sean",20260414-BaggettStadium-2,6,1,1,1,3,3,Right,Slider,StrikeCalled,82.09,2569.78,4.889,5.770,1.514,0.5998,-0.0516,-1.0336,-8.2685,2.624,0.776,-7.4797,-1.5101,null,Undefined
"McGrath, Sean",20260421-704EddieDField-1,3,2,0,0,8,1,Right,Fastball,StrikeCalled,90.29,2084.88,6.202,5.921,0.840,-1.2483,-2.3287,15.1250,8.0764,3.206,-0.637,-4.8041,-0.8720,null,Undefined
"McGrath, Sean",20260421-704EddieDField-1,2,0,0,0,1,1,Right,Fastball,InPlay,88.59,2097.28,6.117,5.891,1.144,-1.0344,-2.1758,17.1685,13.5391,3.411,0.259,-4.5224,0.2630,95.51,FlyBall
"McGrath, Sean",20260421-704EddieDField-1,1,2,0,0,4,1,Right,Slider,InPlay,79.32,2797.06,5.191,5.760,1.464,0.2350,-0.5494,0.5660,-15.7655,2.226,-0.366,-7.9475,-3.3456,107.39,GroundBall
"McGrath, Sean",20260421-704EddieDField-1,3,2,0,1,8,2,Right,ChangeUp,FoulBallNotFieldable,82.48,1629.99,6.415,5.803,1.046,0.8737,-1.9374,6.5606,12.7039,3.783,0.323,-5.4882,0.3647,null,Undefined
"McGrath, Sean",20260414-BaggettStadium-2,6,0,2,1,1,4,Left,Fastball,FoulBallNotFieldable,89.74,2155.92,5.410,5.868,1.732,-2.1858,-2.4180,16.2325,15.1352,2.193,0.726,-5.8465,0.2728,75.23,Undefined
"McGrath, Sean",20260414-BaggettStadium-2,5,0,0,1,1,2,Right,Fastball,StrikeSwinging,83.69,2666.77,4.954,5.929,1.443,-1.5361,-1.6387,-1.0902,-8.5863,0.928,-0.821,-9.2000,-3.1558,null,Undefined
"McGrath, Sean",20260407-BaggettStadium-1,2,0,0,0,1,1,Left,Fastball,StrikeCalled,89.50,2069.02,5.271,5.960,1.888,-2.5623,-2.6703,18.0770,7.4968,2.041,0.003,-5.9697,-1.3420,null,Undefined
"McGrath, Sean",20260421-704EddieDField-1,3,2,0,2,8,3,Right,Fastball,FoulBallNotFieldable,89.43,2121.87,6.277,5.925,0.966,-2.3549,-1.8342,16.7920,6.0602,2.287,-0.220,-5.6957,-0.7390,78.69,Undefined
"McGrath, Sean",20260421-704EddieDField-1,3,1,0,0,5,1,Right,Slider,StrikeCalled,83.74,2569.66,5.525,5.851,1.129,-0.9828,-1.9889,-0.6320,-4.2147,1.519,-1.082,-8.4345,-2.7409,null,Undefined
"McGrath, Sean",20260421-704EddieDField-1,2,1,0,0,2,1,Right,Fastball,StrikeCalled,89.63,2040.12,6.006,6.009,1.194,-3.0154,-2.5539,17.5709,11.4521,1.735,-0.220,-6.3975,-0.4957,null,Undefined
"McGrath, Sean",20260421-704EddieDField-1,3,2,0,2,8,4,Right,Slider,BallCalled,83.52,2726.42,5.649,5.871,1.016,-3.2835,-1.5730,0.3299,-1.3885,-0.580,-0.567,-10.6695,-1.8219,null,Undefined
"McGrath, Sean",20260421-704EddieDField-1,3,1,0,1,5,2,Right,Fastball,BallCalled,89.26,2113.67,6.143,5.867,1.026,0.1916,-2.6185,14.4219,12.6237,4.338,-0.344,-3.6986,-0.3450,null,Undefined
"McGrath, Sean",20260421-704EddieDField-1,2,1,0,1,2,2,Right,Fastball,BallCalled,90.65,2178.38,5.781,6.062,1.050,-3.8040,-3.6376,17.6682,10.4147,1.098,-1.471,-7.0143,-1.7768,null,Undefined
"McGrath, Sean",20260421-704EddieDField-1,2,1,1,1,2,3,Right,Fastball,InPlay,88.92,2112.23,6.181,5.932,1.114,-2.1973,-2.0364,16.9612,10.2865,2.370,0.090,-5.7069,-0.1808,104.10,LineDrive
"McGrath, Sean",20260421-704EddieDField-1,3,1,1,1,5,3,Right,Slider,FoulBallNotFieldable,82.53,2575.00,5.550,5.886,1.200,-1.4811,-1.3186,0.2374,-5.2371,1.073,-0.469,-8.9624,-2.2545,54.78,Undefined
"McGrath, Sean",20260421-704EddieDField-1,3,2,1,2,8,5,Right,Slider,InPlay,79.20,2712.42,5.302,5.734,1.182,0.7247,-0.8645,-0.3643,-14.7106,2.582,-0.855,-7.6458,-3.4777,64.79,GroundBall
"McGrath, Sean",20260414-BaggettStadium-2,6,0,2,2,1,5,Left,Fastball,BallCalled,90.30,2129.62,5.451,5.889,1.666,-0.5045,-1.4499,14.9096,9.4069,3.721,1.092,-4.3362,0.2242,null,Undefined
"McGrath, Sean",20260414-BaggettStadium-2,4,0,1,2,2,4,Right,Slider,StrikeSwinging,80.30,2882.44,4.969,5.706,1.914,-0.8218,-0.6693,-4.1746,-25.2424,0.730,-0.822,-9.9344,-5.1338,null,Undefined
"McGrath, Sean",20260414-BaggettStadium-2,5,1,0,0,3,1,Right,Fastball,FoulBallNotFieldable,90.18,2034.75,5.662,5.820,1.471,-1.8277,-2.4883,16.8591,9.1516,2.589,-0.088,-5.2996,-0.8545,75.23,Undefined
"McGrath, Sean",20260414-BaggettStadium-2,2,2,0,0,4,1,Right,Fastball,StrikeCalled,82.81,2650.71,4.741,5.768,1.824,-0.9296,-1.1999,3.4597,-3.2205,1.551,0.418,-8.1940,-1.7665,null,Undefined
"McGrath, Sean",20260414-BaggettStadium-2,4,2,0,0,4,1,Right,Fastball,StrikeSwinging,90.96,2120.31,5.843,5.911,1.457,-1.5907,-2.5047,19.6423,8.7889,3.196,-0.140,-4.4614,-0.9308,null,Undefined
"McGrath, Sean",20260414-BaggettStadium-2,4,2,0,1,4,2,Right,Fastball,BallCalled,91.26,2189.37,5.747,5.878,1.446,-1.2019,-3.7516,18.0394,10.2443,3.403,-1.198,-4.3159,-1.9239,null,Undefined
"McGrath, Sean",20260414-BaggettStadium-2,3,2,0,0,4,1,Right,Fastball,BallCalled,91.44,2148.77,5.677,5.920,1.374,-0.6857,-2.2950,15.9998,12.7960,3.810,0.299,-4.0152,-0.0095,null,Undefined
"McGrath, Sean",20260414-BaggettStadium-2,2,2,1,1,4,3,Right,ChangeUp,BallCalled,84.21,1717.14,5.896,5.696,1.690,-2.5537,-2.9771,6.4180,18.4050,0.495,0.457,-8.8423,0.3295,null,Undefined
"McGrath, Sean",20260414-BaggettStadium-2,4,2,1,1,4,3,Right,Slider,FoulBallNotFieldable,80.91,2814.28,5.089,5.668,1.896,-0.3247,-1.0108,5.5421,-22.9803,2.086,-0.972,-7.5121,-5.0741,70.96,Undefined
"McGrath, Sean",20260414-BaggettStadium-2,4,0,0,0,1,1,Right,Fastball,StrikeCalled,83.44,2585.22,4.849,5.948,1.743,-0.0379,-2.1062,9.2835,-6.3324,3.170,-0.780,-6.0522,-3.2197,null,Undefined
"McGrath, Sean",20260414-BaggettStadium-2,3,2,1,0,4,2,Right,Fastball,StrikeSwinging,91.26,2211.85,5.617,5.899,1.405,-1.3562,-2.9919,19.4547,10.1608,3.395,-0.544,-4.2056,-1.1812,null,Undefined
"McGrath, Sean",20260414-BaggettStadium-2,2,2,2,1,4,4,Right,Fastball,InPlay,82.51,2642.22,4.705,5.756,1.643,-0.3790,-0.8087,6.2798,-8.1430,2.319,0.197,-7.0745,-2.2396,75.80,Popup
"McGrath, Sean",20260414-BaggettStadium-2,4,0,0,1,1,2,Right,Fastball,StrikeCalled,90.80,2181.60,5.607,5.904,1.588,-2.3400,-3.6330,15.3575,10.2492,2.082,-0.953,-6.0381,-1.8078,null,Undefined
"McGrath, Sean",20260414-BaggettStadium-2,4,2,1,2,4,4,Right,Fastball,BallCalled,90.78,2025.21,5.783,5.931,1.339,-0.0115,-2.5750,17.3228,11.1515,4.487,-0.129,-3.3058,-0.5804,null,Undefined
"McGrath, Sean",20260414-BaggettStadium-2,3,2,0,0,3,1,Right,Fastball,InPlay,91.44,2064.88,5.741,5.984,1.528,-1.4293,-2.7247,13.1536,10.6335,2.933,-0.125,-5.2953,-0.8237,101.48,GroundBall
"McGrath, Sean",20260414-BaggettStadium-2,3,2,1,1,4,3,Right,Fastball,BallCalled,91.17,2079.57,5.670,5.868,1.478,-0.4806,-2.0615,15.5010,9.4234,3.884,0.340,-3.9569,-0.3785,null,Undefined
"McGrath, Sean",20260414-BaggettStadium-2,4,0,0,2,1,3,Right,Fastball,InPlay,90.90,2215.35,5.631,5.961,1.394,-1.6943,-1.5657,17.6527,7.8442,2.916,0.587,-5.0725,-0.1650,85.71,LineDrive
"McGrath, Sean",20260414-BaggettStadium-2,3,0,0,0,1,1,Right,Fastball,StrikeSwinging,91.40,2142.55,5.543,5.859,1.525,-2.8108,-2.8508,19.5354,12.3171,1.972,-0.115,-5.7035,-0.6577,null,Undefined
"McGrath, Sean",20260414-BaggettStadium-2,3,2,2,1,4,4,Right,Fastball,BallCalled,83.95,2635.08,4.971,5.777,1.714,-0.9747,-2.5792,3.3905,-8.1806,1.717,-1.406,-7.7799,-4.0212,null,Undefined
"McGrath, Sean",20260414-BaggettStadium-2,4,2,2,2,4,5,Right,Fastball,FoulBallNotFieldable,91.72,2127.85,5.739,5.916,1.383,-0.8022,-1.5278,15.8643,8.3400,3.707,0.655,-4.1205,-0.0357,95.74,Undefined
"McGrath, Sean",20260414-BaggettStadium-2,2,2,0,0,5,1,Right,Fastball,StrikeCalled,92.05,2206.23,5.430,5.964,1.548,-2.3860,-2.9756,13.2964,16.6804,1.995,0.149,-6.2676,-0.0099,null,Undefined
"McGrath, Sean",20260414-BaggettStadium-2,3,2,3,1,4,5,Right,Fastball,StrikeCalled,91.17,2162.55,5.734,5.868,1.356,-2.5866,-3.6462,18.1954,12.3899,2.132,-1.012,-5.5987,-1.4349,null,Undefined
"McGrath, Sean",20260414-BaggettStadium-2,4,2,2,2,4,6,Right,Fastball,InPlay,84.14,2590.80,5.096,5.873,1.591,-1.0170,-2.2429,-0.1457,-4.5963,1.494,-0.907,-8.4410,-3.0562,78.44,GroundBall
"McGrath, Sean",20260414-BaggettStadium-2,4,0,0,0,2,1,Right,Fastball,StrikeCalled,90.20,2255.07,5.680,5.850,1.488,-2.5680,-2.5764,17.1415,11.7394,1.947,0.063,-5.9993,-0.4796,null,Undefined
"McGrath, Sean",20260414-BaggettStadium-2,2,2,0,1,5,2,Right,Fastball,BallCalled,91.89,2235.90,5.777,5.867,1.483,-1.1552,-3.6683,20.2841,15.2490,3.665,-0.665,-3.7800,-0.9450,null,Undefined
"McGrath, Sean",20260414-BaggettStadium-2,3,2,3,2,4,6,Right,Fastball,BallCalled,90.96,2193.14,5.654,5.877,1.419,-3.8145,-3.8226,18.2061,12.1244,0.951,-1.142,-6.8911,-1.6623,null,Undefined
"McGrath, Sean",20260414-BaggettStadium-2,2,2,1,1,5,3,Right,ChangeUp,BallCalled,84.03,1753.34,5.995,5.740,1.540,-2.8036,-3.8250,15.8846,15.3929,1.094,-0.727,-7.4316,-1.0624,null,Undefined
"McGrath, Sean",20260414-BaggettStadium-2,4,0,0,1,2,2,Right,Fastball,BallCalled,91.27,2154.71,5.798,5.928,1.430,-0.6713,-2.8461,13.5372,13.2525,3.576,-0.116,-4.5959,-0.4749,null,Undefined
"McGrath, Sean",20260414-BaggettStadium-2,6,0,0,0,1,1,Left,ChangeUp,BallCalled,82.69,1810.74,5.891,5.610,1.780,-3.6201,-3.9426,7.4207,16.9192,-0.638,-0.477,-9.9921,-0.9064,null,Undefined
"McGrath, Sean",20260414-BaggettStadium-2,3,2,0,0,5,1,Left,Fastball,StrikeCalled,91.19,2191.67,5.558,5.843,1.519,-3.1738,-2.6846,18.4227,14.7310,1.544,0.236,-6.1934,-0.0597,null,Undefined
"McGrath, Sean",20260414-BaggettStadium-2,2,2,2,1,5,4,Right,Fastball,InPlay,92.16,2262.96,5.725,5.954,1.407,-2.8247,-3.0333,21.8090,13.2945,2.331,-0.313,-5.1434,-0.6591,106.00,GroundBall
"McGrath, Sean",20260414-BaggettStadium-2,6,0,1,0,1,2,Left,Fastball,StrikeCalled,89.31,2116.81,5.667,5.794,1.605,-2.6299,-2.1123,15.3430,13.0688,1.632,0.723,-6.4844,0.2233,null,Undefined
"McGrath, Sean",20260414-BaggettStadium-2,4,0,1,1,2,3,Right,Slider,FoulBallNotFieldable,79.76,2738.16,4.941,5.690,1.831,0.9064,-0.4049,4.3649,-22.8122,3.018,-0.453,-6.8428,-4.4278,65.45,Undefined
"McGrath, Sean",20260414-BaggettStadium-2,5,0,0,2,1,3,Right,Fastball,FoulBallNotFieldable,91.51,2192.95,5.904,6.035,1.360,-2.5605,-2.3609,22.8300,-0.6008,2.736,-0.883,-4.7361,-2.4686,76.56,Undefined
"McGrath, Sean",20260414-BaggettStadium-2,3,0,0,1,1,2,Right,Fastball,FoulBallNotFieldable,91.57,2208.74,5.733,5.871,1.587,-1.7411,-2.4113,15.8734,10.5329,2.747,0.218,-5.1529,-0.5280,42.57,Undefined
"McGrath, Sean",20260414-BaggettStadium-2,6,0,3,2,1,6,Left,Fastball,StrikeSwinging,89.81,2139.13,5.600,5.828,1.572,-0.6171,-1.6897,17.1995,12.5988,3.725,1.044,-4.1064,0.5583,null,Undefined
"McGrath, Sean",20260414-BaggettStadium-2,5,0,0,2,1,4,Right,Fastball,BallCalled,83.56,2924.56,5.030,5.885,1.517,-2.3212,-1.4023,-1.0485,-7.5214,0.144,-0.433,-9.9780,-2.7344,null,Undefined
"McGrath, Sean",20260414-BaggettStadium-2,4,1,0,0,3,1,Right,Slider,FoulBallNotFieldable,80.23,2858.88,4.859,5.690,1.882,0.1654,-0.9871,-1.5513,-24.0800,1.805,-1.059,-8.6568,-5.2301,54.13,Undefined
"McGrath, Sean",20260414-BaggettStadium-2,5,0,1,2,1,5,Right,Fastball,StrikeSwinging,82.08,2553.32,4.973,5.935,1.589,0.2738,-0.1592,3.5187,-6.8453,2.870,0.868,-6.9977,-1.3683,null,Undefined
"McGrath, Sean",20260414-BaggettStadium-2,3,0,0,2,1,3,Right,Fastball,BallCalled,91.13,2083.00,5.412,5.930,1.532,-1.2759,-4.1931,16.3858,10.5983,3.193,-1.520,-4.7606,-2.3155,null,Undefined
"McGrath, Sean",20260414-BaggettStadium-2,6,1,0,0,2,1,Right,Fastball,InPlay,89.65,2092.13,5.626,5.984,1.448,-1.5224,-2.6949,16.6039,12.5836,2.978,-0.020,-5.1223,-0.4502,84.35,GroundBall
"McGrath, Sean",20260414-BaggettStadium-2,4,1,0,1,3,2,Right,Fastball,StrikeCalled,91.65,2197.78,5.617,5.881,1.406,-3.3987,-1.9000,22.8562,7.2707,1.733,0.238,-5.6972,-0.6029,null,Undefined
"McGrath, Sean",20260414-BaggettStadium-2,3,0,1,2,1,4,Right,Slider,BallCalled,81.32,2769.61,4.599,5.846,1.680,-2.3179,-2.0367,-2.9114,-21.9497,-0.396,-2.087,-10.9469,-5.8894,null,Undefined
"McGrath, Sean",20260414-BaggettStadium-2,5,1,0,0,2,1,Right,Fastball,InPlay,91.56,2163.50,5.841,5.931,1.446,-2.6019,-2.6759,16.7293,7.3678,2.080,-0.429,-5.8639,-1.3565,103.95,GroundBall
"McGrath, Sean",20260414-BaggettStadium-2,4,1,0,2,3,3,Right,Slider,FoulBallNotFieldable,80.51,2911.76,4.808,5.718,1.894,0.3544,-0.4236,-0.6384,-17.4477,2.134,0.039,-8.2030,-3.4967,77.52,Undefined
"McGrath, Sean",20260414-BaggettStadium-2,3,0,2,2,1,5,Right,Fastball,StrikeCalled,91.74,2211.15,5.800,5.932,1.436,-2.9568,-3.5500,18.3207,10.2650,1.870,-1.015,-5.9579,-1.7156,null,Undefined
"McGrath, Sean",20260414-BaggettStadium-2,6,1,0,0,3,1,Right,Fastball,StrikeCalled,84.20,2491.53,4.959,5.867,1.543,-1.4587,-1.5052,8.9986,-4.0657,1.834,-0.218,-7.2538,-2.2227,null,Undefined
"McGrath, Sean",20260414-BaggettStadium-2,3,1,0,0,2,1,Right,Fastball,StrikeCalled,90.86,2103.03,5.559,5.930,1.536,-2.1223,-3.2650,18.6221,11.6197,2.548,-0.549,-5.3456,-1.1968,null,Undefined
"McGrath, Sean",20260414-BaggettStadium-2,4,1,0,2,3,4,Right,Fastball,BallCalled,92.05,1997.13,5.716,6.018,1.196,0.0892,-2.4851,16.9941,5.5231,4.761,-0.660,-2.9578,-1.4987,null,Undefined
"McGrath, Sean",20260414-BaggettStadium-2,6,1,0,1,3,2,Right,Fastball,BallCalled,89.68,2191.08,5.807,5.805,1.480,-0.5989,-2.5913,19.9017,3.7608,3.974,-0.618,-3.5419,-1.9186,null,Undefined
"McGrath, Sean",20260414-BaggettStadium-2,3,1,0,1,2,2,Right,Fastball,BallCalled,91.41,2087.06,5.699,5.997,1.468,-1.1876,-3.4233,15.8819,9.3254,3.320,-0.948,-4.7857,-1.7598,null,Undefined
"McGrath, Sean",20260414-BaggettStadium-2,4,1,1,2,3,5,Right,Slider,BallCalled,79.67,2764.90,5.091,5.673,1.818,1.7499,-0.5827,-0.2395,-18.4656,3.507,-0.270,-6.5749,-3.8473,null,Undefined
"McGrath, Sean",20260414-BaggettStadium-2,3,1,1,1,2,3,Right,Fastball,FoulBallNotFieldable,83.30,2715.18,4.932,5.905,1.630,-0.0901,-1.6563,3.1364,-7.9947,2.580,-0.602,-7.1455,-3.0659,null,Undefined
"McGrath, Sean",20260414-BaggettStadium-2,5,1,0,1,3,2,Right,Fastball,InPlay,90.32,2059.55,5.682,5.857,1.413,-1.8439,-2.0935,15.6943,8.6951,2.545,0.186,-5.4435,-0.5398,88.04,LineDrive
"McGrath, Sean",20260414-BaggettStadium-2,2,2,0,0,3,1,Right,Fastball,StrikeCalled,92.47,2265.33,5.563,5.907,1.770,-2.3542,-3.4655,15.6025,16.2278,2.190,-0.119,-5.7920,-0.5763,null,Undefined
"McGrath, Sean",20260414-BaggettStadium-2,6,1,1,2,3,4,Right,Slider,BallCalled,80.83,2744.13,5.024,5.724,1.781,-1.6469,-1.1312,4.7373,-19.6831,0.852,-0.927,-8.8464,-4.6111,null,Undefined
"McGrath, Sean",20260414-BaggettStadium-2,3,1,1,2,2,4,Right,Slider,FoulBallNotFieldable,81.46,2885.62,4.747,5.757,1.849,-1.1801,-1.5536,-2.2450,-17.6465,0.743,-1.095,-9.5585,-4.6587,null,Undefined
"McGrath, Sean",20260414-BaggettStadium-2,2,2,0,1,3,2,Right,Fastball,FoulBallNotFieldable,92.52,2216.24,5.496,5.972,1.634,-2.4691,-2.4132,15.6722,16.1505,2.170,0.721,-5.8380,0.4629,null,Undefined
"McGrath, Sean",20260414-BaggettStadium-2,4,1,2,2,3,6,Right,ChangeUp,FoulBallNotFieldable,83.67,1769.37,5.844,5.762,1.560,-0.8146,-2.9944,8.9733,20.4642,2.354,0.481,-6.7540,0.6741,101.37,Undefined
"McGrath, Sean",20260414-BaggettStadium-2,6,1,2,2,3,5,Right,Slider,InPlay,81.83,2661.68,5.103,5.798,1.481,-0.4810,-1.3831,-2.2286,-7.1518,1.560,-0.418,-8.6962,-2.6501,93.91,GroundBall
"McGrath, Sean",20260414-BaggettStadium-2,5,2,0,0,4,1,Right,Fastball,InPlay,90.07,2079.95,5.811,5.906,1.471,-1.4987,-2.0869,14.4344,10.5237,2.841,0.406,-5.2607,-0.2017,60.35,GroundBall
"McGrath, Sean",20260414-BaggettStadium-2,2,2,0,2,3,3,Right,Fastball,InPlay,84.14,2634.11,4.874,5.879,1.756,-1.2568,-1.7771,1.7336,-3.7973,1.333,-0.243,-8.5698,-2.4468,92.97,GroundBall
"McGrath, Sean",20260414-BaggettStadium-2,3,1,1,2,2,5,Right,Fastball,StrikeCalled,92.03,2221.14,5.741,5.946,1.428,-3.3285,-3.1888,18.1920,10.8012,1.566,-0.644,-6.2303,-1.2593,null,Undefined
"McGrath, Sean",20260414-BaggettStadium-2,4,1,2,2,3,7,Right,Fastball,InPlay,91.29,2117.61,5.759,5.845,1.390,-3.4406,-2.5635,17.0977,7.8767,1.234,-0.342,-6.6133,-1.1546,82.11,GroundBall